#
# There is insufficient memory for the Java Runtime Environment to continue.
# Native memory allocation (mmap) failed to map 198180864 bytes. Error detail: G1 virtual space
# Possible reasons:
#   The system is out of physical RAM or swap space
#   This process is running with CompressedOops enabled, and the Java Heap may be blocking the growth of the native heap
# Possible solutions:
#   Reduce memory load on the system
#   Increase physical memory or swap space
#   Check if swap backing store is full
#   Decrease Java heap size (-Xmx/-Xms)
#   Decrease number of Java threads
#   Decrease Java thread stack sizes (-Xss)
#   Set larger code cache with -XX:ReservedCodeCacheSize=
#   JVM is running with Unscaled Compressed Oops mode in which the Java heap is
#     placed in the first 4GB address space. The Java Heap base address is the
#     maximum limit for the native heap growth. Please use -XX:HeapBaseMinAddress
#     to set the Java Heap base and to place the Java Heap above 4GB virtual address.
# This output file may be truncated or incomplete.
#
#  Out of Memory Error (os_windows.cpp:3618), pid=11000, tid=6660
#
# JRE version: OpenJDK Runtime Environment Temurin-17.0.18+8 (17.0.18+8) (build 17.0.18+8)
# Java VM: OpenJDK 64-Bit Server VM Temurin-17.0.18+8 (17.0.18+8, mixed mode, sharing, tiered, compressed oops, compressed class ptrs, g1 gc, windows-amd64)
# No core dump will be written. Minidumps are not enabled by default on client versions of Windows
#

---------------  S U M M A R Y ------------

Command Line: -Xmx1g -XX:+IgnoreUnrecognizedVMOptions --add-modules=jdk.incubator.vector --add-opens=java.base/java.lang=ALL-UNNAMED --add-opens=java.base/java.lang.invoke=ALL-UNNAMED --add-opens=java.base/java.lang.reflect=ALL-UNNAMED --add-opens=java.base/java.io=ALL-UNNAMED --add-opens=java.base/java.net=ALL-UNNAMED --add-opens=java.base/java.nio=ALL-UNNAMED --add-opens=java.base/java.util=ALL-UNNAMED --add-opens=java.base/java.util.concurrent=ALL-UNNAMED --add-opens=java.base/java.util.concurrent.atomic=ALL-UNNAMED --add-opens=java.base/jdk.internal.ref=ALL-UNNAMED --add-opens=java.base/sun.nio.ch=ALL-UNNAMED --add-opens=java.base/sun.nio.cs=ALL-UNNAMED --add-opens=java.base/sun.security.action=ALL-UNNAMED --add-opens=java.base/sun.util.calendar=ALL-UNNAMED --add-opens=java.security.jgss/sun.security.krb5=ALL-UNNAMED -Djdk.reflect.useDirectMethodHandle=false -Dio.netty.tryReflectionSetAccessible=true -Dio.netty.allocator.type=pooled -Dio.netty.handler.ssl.defaultEndpointVerificationAlgorithm=NONE --enable-native-access=ALL-UNNAMED -Dderby.connection.requireAuthentication=false org.apache.spark.deploy.SparkSubmit --conf spark.master=local[*] --conf spark.app.name=AttendanceSystem pyspark-shell

Host: 13th Gen Intel(R) Core(TM) i5-1340P, 16 cores, 15G,  Windows 11 , 64 bit Build 26100 (10.0.26100.8328)
Time: Fri May 15 13:08:41 2026 India Standard Time elapsed time: 96.284849 seconds (0d 0h 1m 36s)

---------------  T H R E A D  ---------------

Current thread (0x000002605f91a6d0):  VMThread "VM Thread" [stack: 0x00000074a1f00000,0x00000074a2000000] [id=6660]

Stack: [0x00000074a1f00000,0x00000074a2000000]
Native frames: (J=compiled Java code, j=interpreted, Vv=VM code, C=native code)
V  [jvm.dll+0x6846f9]
V  [jvm.dll+0x839ea5]
V  [jvm.dll+0x83b91e]
V  [jvm.dll+0x83bfa3]
V  [jvm.dll+0x248eff]
V  [jvm.dll+0x6814b9]
V  [jvm.dll+0x6762ba]
V  [jvm.dll+0x309257]
V  [jvm.dll+0x310826]
V  [jvm.dll+0x360d9e]
V  [jvm.dll+0x360fdd]
V  [jvm.dll+0x2e02dc]
V  [jvm.dll+0x2de6b2]
V  [jvm.dll+0x2dde4c]
V  [jvm.dll+0x320ec1]
V  [jvm.dll+0x8407bd]
V  [jvm.dll+0x8414f3]
V  [jvm.dll+0x841a1f]
V  [jvm.dll+0x841e05]
V  [jvm.dll+0x841ece]
V  [jvm.dll+0x7eaaec]
V  [jvm.dll+0x6835c7]
C  [ucrtbase.dll+0x37b0]
C  [KERNEL32.DLL+0x2e957]
C  [ntdll.dll+0x427c]

VM_Operation (0x00000074a7efe3f0): G1TryInitiateConcMark, mode: safepoint, requested by thread 0x00000260a72356c0


---------------  P R O C E S S  ---------------

Threads class SMR info:
_java_thread_list=0x00000260a9f5e7f0, length=116, elements={
0x0000026040fd0680, 0x000002605f91eae0, 0x000002605f926490, 0x000002605f93b180,
0x000002605f93ba50, 0x000002605f93e330, 0x000002605f93ec00, 0x000002605f941810,
0x000002605f94a130, 0x000002605f95aa50, 0x000002605fc0ce60, 0x000002605fc0e2a0,
0x000002605fc0e7b0, 0x000002605fc0c950, 0x000002605fc0dd90, 0x000002605fc0bf30,
0x000002605fc0c440, 0x000002605fc0ba20, 0x000002605fc0b510, 0x00000260a7de15d0,
0x00000260a7de10c0, 0x00000260a7ddfc80, 0x00000260a7de0bb0, 0x00000260a7de0190,
0x00000260a7dde330, 0x00000260a7de06a0, 0x00000260a7de1ff0, 0x00000260a7de1ae0,
0x00000260a7dde840, 0x00000260a7de2500, 0x00000260a7dded50, 0x00000260a7de2a10,
0x00000260a7ddf260, 0x00000260a7de2f20, 0x00000260a7ddf770, 0x00000260a7de5cb0,
0x00000260a7de3e50, 0x00000260a7de3430, 0x00000260a7de3940, 0x00000260a7de4d80,
0x00000260a7de57a0, 0x00000260a7de4870, 0x00000260a7de5290, 0x00000260a85d3c70,
0x00000260a85d1e10, 0x00000260a85d3250, 0x00000260a85d4ba0, 0x00000260a85d2320,
0x00000260a85d1900, 0x00000260a85d4180, 0x00000260a85d4690, 0x00000260a85d50b0,
0x00000260a85d2830, 0x00000260a85d2d40, 0x00000260a85d3760, 0x00000260a7e54050,
0x00000260a7e54a70, 0x00000260a7e53630, 0x00000260a7e54560, 0x00000260a7e55490,
0x00000260a7e559a0, 0x00000260a7e53120, 0x00000260a7e55eb0, 0x00000260a7e52700,
0x00000260a7e52c10, 0x00000260a7e57800, 0x00000260a7e58c40, 0x00000260a7233350,
0x00000260a722fba0, 0x00000260a7233860, 0x00000260a72300b0, 0x00000260a7233d70,
0x00000260a72305c0, 0x00000260a72356c0, 0x00000260a7235bd0, 0x00000260a72360e0,
0x00000260a7234280, 0x00000260a7234790, 0x00000260a72365f0, 0x00000260a7234ca0,
0x00000260a72351b0, 0x00000260a9cbc490, 0x00000260a9cbd8d0, 0x00000260a9b10a80,
0x00000260a9cbceb0, 0x00000260a9b10060, 0x00000260a9b10570, 0x00000260a7004c70,
0x00000260a7003d40, 0x00000260a943b4a0, 0x00000260a943b9b0, 0x00000260a9cbd3c0,
0x00000260a91243b0, 0x00000260a91252e0, 0x00000260aa469d50, 0x00000260aa786940,
0x00000260a7003830, 0x00000260a7004250, 0x00000260a6f0ad20, 0x00000260a9cbdde0,
0x00000260a7004760, 0x00000260aa786430, 0x00000260a6f0b230, 0x00000260a6f0b740,
0x00000260aa785f20, 0x00000260a6f0cd30, 0x00000260a6f0bc50, 0x00000260a57bc630,
0x00000260a9b10f90, 0x00000260a9b114a0, 0x00000260a9b119b0, 0x00000260a9b09970,
0x00000260a9b08530, 0x00000260a9b08020, 0x00000260a57bc120, 0x00000260a6f0e170
}

Java Threads: ( => current thread )
  0x0000026040fd0680 JavaThread "main" [_thread_in_native, id=22772, stack(0x00000074a1900000,0x00000074a1a00000)]
  0x000002605f91eae0 JavaThread "Reference Handler" daemon [_thread_blocked, id=10412, stack(0x00000074a2000000,0x00000074a2100000)]
  0x000002605f926490 JavaThread "Finalizer" daemon [_thread_blocked, id=30248, stack(0x00000074a2100000,0x00000074a2200000)]
  0x000002605f93b180 JavaThread "Signal Dispatcher" daemon [_thread_blocked, id=19400, stack(0x00000074a2200000,0x00000074a2300000)]
  0x000002605f93ba50 JavaThread "Attach Listener" daemon [_thread_blocked, id=9864, stack(0x00000074a2300000,0x00000074a2400000)]
  0x000002605f93e330 JavaThread "Service Thread" daemon [_thread_blocked, id=2008, stack(0x00000074a2400000,0x00000074a2500000)]
  0x000002605f93ec00 JavaThread "Monitor Deflation Thread" daemon [_thread_blocked, id=30152, stack(0x00000074a2500000,0x00000074a2600000)]
  0x000002605f941810 JavaThread "C2 CompilerThread0" daemon [_thread_blocked, id=5092, stack(0x00000074a2600000,0x00000074a2700000)]
  0x000002605f94a130 JavaThread "C1 CompilerThread0" daemon [_thread_blocked, id=19388, stack(0x00000074a2700000,0x00000074a2800000)]
  0x000002605f95aa50 JavaThread "Sweeper thread" daemon [_thread_blocked, id=30004, stack(0x00000074a2800000,0x00000074a2900000)]
  0x000002605fc0ce60 JavaThread "Common-Cleaner" daemon [_thread_blocked, id=22196, stack(0x00000074a2a00000,0x00000074a2b00000)]
  0x000002605fc0e2a0 JavaThread "Notification Thread" daemon [_thread_blocked, id=4452, stack(0x00000074a2d00000,0x00000074a2e00000)]
  0x000002605fc0e7b0 JavaThread "Thread-1" [_thread_in_native, id=29728, stack(0x00000074a3f00000,0x00000074a4000000)]
  0x000002605fc0c950 JavaThread "Thread-2" [_thread_blocked, id=18944, stack(0x00000074a2c00000,0x00000074a2d00000)]
  0x000002605fc0dd90 JavaThread "Thread-3" [_thread_in_native, id=28756, stack(0x00000074a4100000,0x00000074a4200000)]
  0x000002605fc0bf30 JavaThread "rpc-boss-3-1" daemon [_thread_in_native, id=27836, stack(0x00000074a4200000,0x00000074a4300000)]
  0x000002605fc0c440 JavaThread "dispatcher-event-loop-0" daemon [_thread_blocked, id=29648, stack(0x00000074a4300000,0x00000074a4400000)]
  0x000002605fc0ba20 JavaThread "dispatcher-event-loop-1" daemon [_thread_blocked, id=21208, stack(0x00000074a4400000,0x00000074a4500000)]
  0x000002605fc0b510 JavaThread "dispatcher-event-loop-2" daemon [_thread_blocked, id=18844, stack(0x00000074a4500000,0x00000074a4600000)]
  0x00000260a7de15d0 JavaThread "dispatcher-event-loop-3" daemon [_thread_blocked, id=21580, stack(0x00000074a4600000,0x00000074a4700000)]
  0x00000260a7de10c0 JavaThread "dispatcher-event-loop-4" daemon [_thread_blocked, id=22604, stack(0x00000074a4700000,0x00000074a4800000)]
  0x00000260a7ddfc80 JavaThread "dispatcher-event-loop-5" daemon [_thread_blocked, id=11392, stack(0x00000074a4800000,0x00000074a4900000)]
  0x00000260a7de0bb0 JavaThread "dispatcher-event-loop-6" daemon [_thread_blocked, id=12284, stack(0x00000074a4900000,0x00000074a4a00000)]
  0x00000260a7de0190 JavaThread "dispatcher-event-loop-7" daemon [_thread_blocked, id=21408, stack(0x00000074a4a00000,0x00000074a4b00000)]
  0x00000260a7dde330 JavaThread "dispatcher-event-loop-8" daemon [_thread_blocked, id=29960, stack(0x00000074a4b00000,0x00000074a4c00000)]
  0x00000260a7de06a0 JavaThread "dispatcher-event-loop-9" daemon [_thread_blocked, id=19692, stack(0x00000074a4c00000,0x00000074a4d00000)]
  0x00000260a7de1ff0 JavaThread "dispatcher-event-loop-10" daemon [_thread_blocked, id=18948, stack(0x00000074a4d00000,0x00000074a4e00000)]
  0x00000260a7de1ae0 JavaThread "dispatcher-event-loop-11" daemon [_thread_blocked, id=23548, stack(0x00000074a4e00000,0x00000074a4f00000)]
  0x00000260a7dde840 JavaThread "dispatcher-event-loop-12" daemon [_thread_blocked, id=5856, stack(0x00000074a4f00000,0x00000074a5000000)]
  0x00000260a7de2500 JavaThread "dispatcher-event-loop-13" daemon [_thread_blocked, id=20568, stack(0x00000074a5000000,0x00000074a5100000)]
  0x00000260a7dded50 JavaThread "dispatcher-event-loop-14" daemon [_thread_blocked, id=28712, stack(0x00000074a5100000,0x00000074a5200000)]
  0x00000260a7de2a10 JavaThread "dispatcher-event-loop-15" daemon [_thread_blocked, id=26356, stack(0x00000074a5200000,0x00000074a5300000)]
  0x00000260a7ddf260 JavaThread "map-output-dispatcher-0" daemon [_thread_blocked, id=4016, stack(0x00000074a5300000,0x00000074a5400000)]
  0x00000260a7de2f20 JavaThread "map-output-dispatcher-1" daemon [_thread_blocked, id=28832, stack(0x00000074a5400000,0x00000074a5500000)]
  0x00000260a7ddf770 JavaThread "map-output-dispatcher-2" daemon [_thread_blocked, id=29792, stack(0x00000074a5500000,0x00000074a5600000)]
  0x00000260a7de5cb0 JavaThread "map-output-dispatcher-3" daemon [_thread_blocked, id=26540, stack(0x00000074a5600000,0x00000074a5700000)]
  0x00000260a7de3e50 JavaThread "map-output-dispatcher-4" daemon [_thread_blocked, id=15988, stack(0x00000074a5700000,0x00000074a5800000)]
  0x00000260a7de3430 JavaThread "map-output-dispatcher-5" daemon [_thread_blocked, id=10976, stack(0x00000074a5800000,0x00000074a5900000)]
  0x00000260a7de3940 JavaThread "map-output-dispatcher-6" daemon [_thread_blocked, id=26260, stack(0x00000074a5900000,0x00000074a5a00000)]
  0x00000260a7de4d80 JavaThread "map-output-dispatcher-7" daemon [_thread_blocked, id=15480, stack(0x00000074a5a00000,0x00000074a5b00000)]
  0x00000260a7de57a0 JavaThread "dispatcher-BlockManagerMaster" daemon [_thread_blocked, id=29292, stack(0x00000074a3a00000,0x00000074a3b00000)]
  0x00000260a7de4870 JavaThread "dispatcher-BlockManagerEndpoint1" daemon [_thread_blocked, id=2324, stack(0x00000074a4000000,0x00000074a4100000)]
  0x00000260a7de5290 JavaThread "RemoteBlock-temp-file-clean-thread" daemon [_thread_blocked, id=480, stack(0x00000074a5b00000,0x00000074a5c00000)]
  0x00000260a85d3c70 JavaThread "refresh progress" daemon [_thread_blocked, id=28444, stack(0x00000074a5c00000,0x00000074a5d00000)]
  0x00000260a85d1e10 JavaThread "SparkUI-58" daemon [_thread_in_native, id=12820, stack(0x00000074a5d00000,0x00000074a5e00000)]
  0x00000260a85d3250 JavaThread "SparkUI-59" daemon [_thread_in_native, id=1440, stack(0x00000074a5e00000,0x00000074a5f00000)]
  0x00000260a85d4ba0 JavaThread "SparkUI-60" daemon [_thread_in_native, id=5208, stack(0x00000074a5f00000,0x00000074a6000000)]
  0x00000260a85d2320 JavaThread "SparkUI-61" daemon [_thread_in_native, id=464, stack(0x00000074a6000000,0x00000074a6100000)]
  0x00000260a85d1900 JavaThread "SparkUI-62" daemon [_thread_in_native, id=10600, stack(0x00000074a6100000,0x00000074a6200000)]
  0x00000260a85d4180 JavaThread "SparkUI-63" daemon [_thread_in_native, id=2936, stack(0x00000074a6200000,0x00000074a6300000)]
  0x00000260a85d4690 JavaThread "SparkUI-64" daemon [_thread_in_native, id=22728, stack(0x00000074a6300000,0x00000074a6400000)]
  0x00000260a85d50b0 JavaThread "SparkUI-65" daemon [_thread_in_native, id=5760, stack(0x00000074a6400000,0x00000074a6500000)]
  0x00000260a85d2830 JavaThread "SparkUI-66-acceptor-0@7b3d6ad7-ServerConnector@75fa8bc0{HTTP/1.1, (http/1.1)}{0.0.0.0:4040}" daemon [_thread_blocked, id=28920, stack(0x00000074a6500000,0x00000074a6600000)]
  0x00000260a85d2d40 JavaThread "SparkUI-67-acceptor-1@4b05a54c-ServerConnector@75fa8bc0{HTTP/1.1, (http/1.1)}{0.0.0.0:4040}" daemon [_thread_in_native, id=24060, stack(0x00000074a6600000,0x00000074a6700000)]
  0x00000260a85d3760 JavaThread "dispatcher-HeartbeatReceiver" daemon [_thread_blocked, id=28100, stack(0x00000074a6700000,0x00000074a6800000)]
  0x00000260a7e54050 JavaThread "heartbeat-receiver-event-loop-thread" daemon [_thread_blocked, id=12148, stack(0x00000074a6800000,0x00000074a6900000)]
  0x00000260a7e54a70 JavaThread "netty-rpc-env-timeout" daemon [_thread_blocked, id=24840, stack(0x00000074a6900000,0x00000074a6a00000)]
  0x00000260a7e53630 JavaThread "dag-scheduler-event-loop" daemon [_thread_blocked, id=27412, stack(0x00000074a6a00000,0x00000074a6b00000)]
  0x00000260a7e54560 JavaThread "driver-heartbeater" daemon [_thread_blocked, id=28312, stack(0x00000074a6c00000,0x00000074a6d00000)]
  0x00000260a7e55490 JavaThread "executor-kill-mark-cleanup" daemon [_thread_blocked, id=28404, stack(0x00000074a6d00000,0x00000074a6e00000)]
  0x00000260a7e559a0 JavaThread "executor-heartbeater" daemon [_thread_blocked, id=18312, stack(0x00000074a6e00000,0x00000074a6f00000)]
  0x00000260a7e53120 JavaThread "shuffle-boss-6-1" daemon [_thread_in_native, id=13904, stack(0x00000074a6f00000,0x00000074a7000000)]
  0x00000260a7e55eb0 JavaThread "Spark Context Cleaner" daemon [_thread_blocked, id=15136, stack(0x00000074a7000000,0x00000074a7100000)]
  0x00000260a7e52700 JavaThread "context-cleaner-periodic-gc" daemon [_thread_blocked, id=10556, stack(0x00000074a7100000,0x00000074a7200000)]
  0x00000260a7e52c10 JavaThread "spark-listener-group-appStatus" daemon [_thread_blocked, id=25208, stack(0x00000074a7200000,0x00000074a7300000)]
  0x00000260a7e57800 JavaThread "spark-listener-group-executorManagement" daemon [_thread_blocked, id=3744, stack(0x00000074a7300000,0x00000074a7400000)]
  0x00000260a7e58c40 JavaThread "element-tracking-store-worker" daemon [_thread_blocked, id=19492, stack(0x00000074a7600000,0x00000074a7700000)]
  0x00000260a7233350 JavaThread "Executor task launch worker for task 15.0 in stage 3.0 (TID 63)" daemon [_thread_blocked, id=29616, stack(0x00000074a7800000,0x00000074a7900000)]
  0x00000260a722fba0 JavaThread "Executor task launch worker for task 14.0 in stage 3.0 (TID 62)" daemon [_thread_blocked, id=27688, stack(0x00000074a7900000,0x00000074a7a00000)]
  0x00000260a7233860 JavaThread "Executor task launch worker for task 4.0 in stage 3.0 (TID 52)" daemon [_thread_blocked, id=5304, stack(0x00000074a7a00000,0x00000074a7b00000)]
  0x00000260a72300b0 JavaThread "Executor task launch worker for task 8.0 in stage 3.0 (TID 56)" daemon [_thread_blocked, id=18744, stack(0x00000074a7b00000,0x00000074a7c00000)]
  0x00000260a7233d70 JavaThread "Executor task launch worker for task 3.0 in stage 3.0 (TID 51)" daemon [_thread_blocked, id=7124, stack(0x00000074a7c00000,0x00000074a7d00000)]
  0x00000260a72305c0 JavaThread "Executor task launch worker for task 6.0 in stage 3.0 (TID 54)" daemon [_thread_blocked, id=14728, stack(0x00000074a7d00000,0x00000074a7e00000)]
  0x00000260a72356c0 JavaThread "Executor task launch worker for task 9.0 in stage 3.0 (TID 57)" daemon [_thread_blocked, id=25596, stack(0x00000074a7e00000,0x00000074a7f00000)]
  0x00000260a7235bd0 JavaThread "Executor task launch worker for task 5.0 in stage 3.0 (TID 53)" daemon [_thread_blocked, id=24980, stack(0x00000074a7f00000,0x00000074a8000000)]
  0x00000260a72360e0 JavaThread "Executor task launch worker for task 10.0 in stage 3.0 (TID 58)" daemon [_thread_blocked, id=5948, stack(0x00000074a8000000,0x00000074a8100000)]
  0x00000260a7234280 JavaThread "Executor task launch worker for task 11.0 in stage 3.0 (TID 59)" daemon [_thread_blocked, id=6956, stack(0x00000074a8100000,0x00000074a8200000)]
  0x00000260a7234790 JavaThread "Executor task launch worker for task 1.0 in stage 3.0 (TID 49)" daemon [_thread_blocked, id=22756, stack(0x00000074a8200000,0x00000074a8300000)]
  0x00000260a72365f0 JavaThread "Executor task launch worker for task 13.0 in stage 3.0 (TID 61)" daemon [_thread_blocked, id=22368, stack(0x00000074a8300000,0x00000074a8400000)]
  0x00000260a7234ca0 JavaThread "Executor task launch worker for task 2.0 in stage 3.0 (TID 50)" daemon [_thread_blocked, id=23136, stack(0x00000074a8400000,0x00000074a8500000)]
  0x00000260a72351b0 JavaThread "Executor task launch worker for task 0.0 in stage 3.0 (TID 48)" daemon [_thread_blocked, id=24680, stack(0x00000074a8500000,0x00000074a8600000)]
  0x00000260a9cbc490 JavaThread "Executor task launch worker for task 7.0 in stage 3.0 (TID 55)" daemon [_thread_blocked, id=27768, stack(0x00000074a8600000,0x00000074a8700000)]
  0x00000260a9cbd8d0 JavaThread "Executor task launch worker for task 12.0 in stage 3.0 (TID 60)" daemon [_thread_in_native, id=12192, stack(0x00000074a8700000,0x00000074a8800000)]
  0x00000260a9b10a80 JavaThread "Idle Worker Monitor for C:\Users\Balachandran\Documents\personal\ATS\py-backend\venv\Scripts\python.exe" daemon [_thread_blocked, id=26876, stack(0x00000074a8a00000,0x00000074a8b00000)]
  0x00000260a9cbceb0 JavaThread "task-result-getter-0" daemon [_thread_blocked, id=21168, stack(0x00000074a9c00000,0x00000074a9d00000)]
  0x00000260a9b10060 JavaThread "task-result-getter-1" daemon [_thread_blocked, id=24288, stack(0x00000074a9d00000,0x00000074a9e00000)]
  0x00000260a9b10570 JavaThread "task-result-getter-2" daemon [_thread_blocked, id=2160, stack(0x00000074a9e00000,0x00000074a9f00000)]
  0x00000260a7004c70 JavaThread "task-result-getter-3" daemon [_thread_blocked, id=10092, stack(0x00000074a9f00000,0x00000074aa000000)]
  0x00000260a7003d40 JavaThread "block-manager-storage-async-thread-pool-0" daemon [_thread_blocked, id=28564, stack(0x00000074a9500000,0x00000074a9600000)]
  0x00000260a943b4a0 JavaThread "block-manager-storage-async-thread-pool-1" daemon [_thread_blocked, id=3120, stack(0x00000074a9600000,0x00000074a9700000)]
  0x00000260a943b9b0 JavaThread "block-manager-storage-async-thread-pool-2" daemon [_thread_blocked, id=24144, stack(0x00000074a9700000,0x00000074a9800000)]
  0x00000260a9cbd3c0 JavaThread "block-manager-ask-thread-pool-0" daemon [_thread_blocked, id=28868, stack(0x00000074a9800000,0x00000074a9900000)]
  0x00000260a91243b0 JavaThread "block-manager-ask-thread-pool-1" daemon [_thread_blocked, id=3088, stack(0x00000074a9900000,0x00000074a9a00000)]
  0x00000260a91252e0 JavaThread "Worker Monitor for C:\Users\Balachandran\Documents\personal\ATS\py-backend\venv\Scripts\python.exe" daemon [_thread_blocked, id=22180, stack(0x00000074a1600000,0x00000074a1700000)]
  0x00000260aa469d50 JavaThread "Worker Monitor for C:\Users\Balachandran\Documents\personal\ATS\py-backend\venv\Scripts\python.exe" daemon [_thread_blocked, id=10548, stack(0x00000074a3000000,0x00000074a3100000)]
  0x00000260aa786940 JavaThread "Worker Monitor for C:\Users\Balachandran\Documents\personal\ATS\py-backend\venv\Scripts\python.exe" daemon [_thread_blocked, id=27376, stack(0x00000074a1700000,0x00000074a1800000)]
  0x00000260a7003830 JavaThread "Worker Monitor for C:\Users\Balachandran\Documents\personal\ATS\py-backend\venv\Scripts\python.exe" daemon [_thread_blocked, id=28728, stack(0x00000074a6b00000,0x00000074a6c00000)]
  0x00000260a7004250 JavaThread "Worker Monitor for C:\Users\Balachandran\Documents\personal\ATS\py-backend\venv\Scripts\python.exe" daemon [_thread_blocked, id=28188, stack(0x00000074a1800000,0x00000074a1900000)]
  0x00000260a6f0ad20 JavaThread "Worker Monitor for C:\Users\Balachandran\Documents\personal\ATS\py-backend\venv\Scripts\python.exe" daemon [_thread_blocked, id=3004, stack(0x00000074a7400000,0x00000074a7500000)]
  0x00000260a9cbdde0 JavaThread "Worker Monitor for C:\Users\Balachandran\Documents\personal\ATS\py-backend\venv\Scripts\python.exe" daemon [_thread_blocked, id=26700, stack(0x00000074a7500000,0x00000074a7600000)]
  0x00000260a7004760 JavaThread "Worker Monitor for C:\Users\Balachandran\Documents\personal\ATS\py-backend\venv\Scripts\python.exe" daemon [_thread_blocked, id=15504, stack(0x00000074a7700000,0x00000074a7800000)]
  0x00000260aa786430 JavaThread "Worker Monitor for C:\Users\Balachandran\Documents\personal\ATS\py-backend\venv\Scripts\python.exe" daemon [_thread_blocked, id=14264, stack(0x00000074a8800000,0x00000074a8900000)]
  0x00000260a6f0b230 JavaThread "Worker Monitor for C:\Users\Balachandran\Documents\personal\ATS\py-backend\venv\Scripts\python.exe" daemon [_thread_blocked, id=11416, stack(0x00000074a8900000,0x00000074a8a00000)]
  0x00000260a6f0b740 JavaThread "Worker Monitor for C:\Users\Balachandran\Documents\personal\ATS\py-backend\venv\Scripts\python.exe" daemon [_thread_blocked, id=18628, stack(0x00000074a8b00000,0x00000074a8c00000)]
  0x00000260aa785f20 JavaThread "Worker Monitor for C:\Users\Balachandran\Documents\personal\ATS\py-backend\venv\Scripts\python.exe" daemon [_thread_blocked, id=23460, stack(0x00000074a8c00000,0x00000074a8d00000)]
  0x00000260a6f0cd30 JavaThread "Worker Monitor for C:\Users\Balachandran\Documents\personal\ATS\py-backend\venv\Scripts\python.exe" daemon [_thread_blocked, id=28092, stack(0x00000074a8d00000,0x00000074a8e00000)]
  0x00000260a6f0bc50 JavaThread "Worker Monitor for C:\Users\Balachandran\Documents\personal\ATS\py-backend\venv\Scripts\python.exe" daemon [_thread_blocked, id=488, stack(0x00000074a8e00000,0x00000074a8f00000)]
  0x00000260a57bc630 JavaThread "Worker Monitor for C:\Users\Balachandran\Documents\personal\ATS\py-backend\venv\Scripts\python.exe" daemon [_thread_blocked, id=30228, stack(0x00000074a8f00000,0x00000074a9000000)]
  0x00000260a9b10f90 JavaThread "stdout reader for C:\Users\Balachandran\Documents\personal\ATS\py-backend\venv\Scripts\python.exe" daemon [_thread_in_native, id=24908, stack(0x00000074a9100000,0x00000074a9200000)]
  0x00000260a9b114a0 JavaThread "stderr reader for C:\Users\Balachandran\Documents\personal\ATS\py-backend\venv\Scripts\python.exe" daemon [_thread_in_native, id=10604, stack(0x00000074a9300000,0x00000074a9400000)]
  0x00000260a9b119b0 JavaThread "Worker Monitor for C:\Users\Balachandran\Documents\personal\ATS\py-backend\venv\Scripts\python.exe" daemon [_thread_blocked, id=17164, stack(0x00000074a9000000,0x00000074a9100000)]
  0x00000260a9b09970 JavaThread "block-manager-storage-async-thread-pool-3" daemon [_thread_blocked, id=5104, stack(0x00000074a9200000,0x00000074a9300000)]
  0x00000260a9b08530 JavaThread "block-manager-storage-async-thread-pool-4" daemon [_thread_blocked, id=14552, stack(0x00000074a9400000,0x00000074a9500000)]
  0x00000260a9b08020 JavaThread "block-manager-storage-async-thread-pool-5" daemon [_thread_blocked, id=30036, stack(0x00000074a9a00000,0x00000074a9b00000)]
  0x00000260a57bc120 JavaThread "block-manager-ask-thread-pool-2" daemon [_thread_blocked, id=24776, stack(0x00000074a9b00000,0x00000074a9c00000)]
  0x00000260a6f0e170 JavaThread "block-manager-ask-thread-pool-3" daemon [_thread_blocked, id=30104, stack(0x00000074aa000000,0x00000074aa100000)]

Other Threads:
=>0x000002605f91a6d0 VMThread "VM Thread" [stack: 0x00000074a1f00000,0x00000074a2000000] [id=6660]
  0x000002605fc22ff0 WatcherThread [stack: 0x00000074a2e00000,0x00000074a2f00000] [id=26772]
  0x000002604100e940 GCTaskThread "GC Thread#0" [stack: 0x00000074a1a00000,0x00000074a1b00000] [id=4632]
  0x00000260a5ee9070 GCTaskThread "GC Thread#1" [stack: 0x00000074a3200000,0x00000074a3300000] [id=27048]
  0x00000260a5de5b10 GCTaskThread "GC Thread#2" [stack: 0x00000074a3300000,0x00000074a3400000] [id=26292]
  0x00000260a5de5dd0 GCTaskThread "GC Thread#3" [stack: 0x00000074a3400000,0x00000074a3500000] [id=1828]
  0x00000260a5de6090 GCTaskThread "GC Thread#4" [stack: 0x00000074a3500000,0x00000074a3600000] [id=11140]
  0x00000260a5de6350 GCTaskThread "GC Thread#5" [stack: 0x00000074a3600000,0x00000074a3700000] [id=29760]
  0x00000260a70e7510 GCTaskThread "GC Thread#6" [stack: 0x00000074a2f00000,0x00000074a3000000] [id=30252]
  0x00000260a7697760 GCTaskThread "GC Thread#7" [stack: 0x00000074a3100000,0x00000074a3200000] [id=30192]
  0x00000260a76953a0 GCTaskThread "GC Thread#8" [stack: 0x00000074a3700000,0x00000074a3800000] [id=29100]
  0x00000260a7695920 GCTaskThread "GC Thread#9" [stack: 0x00000074a3800000,0x00000074a3900000] [id=2940]
  0x00000260a7698260 GCTaskThread "GC Thread#10" [stack: 0x00000074a3900000,0x00000074a3a00000] [id=1812]
  0x00000260a7695ea0 GCTaskThread "GC Thread#11" [stack: 0x00000074a3b00000,0x00000074a3c00000] [id=6952]
  0x00000260a7696160 GCTaskThread "GC Thread#12" [stack: 0x00000074a3c00000,0x00000074a3d00000] [id=22524]
  0x00000260410176a0 ConcurrentGCThread "G1 Main Marker" [stack: 0x00000074a1b00000,0x00000074a1c00000] [id=3592]
  0x0000026041017ed0 ConcurrentGCThread "G1 Conc#0" [stack: 0x00000074a1c00000,0x00000074a1d00000] [id=17160]
  0x00000260a7697a20 ConcurrentGCThread "G1 Conc#1" [stack: 0x00000074a3d00000,0x00000074a3e00000] [id=11236]
  0x00000260a7696420 ConcurrentGCThread "G1 Conc#2" [stack: 0x00000074a3e00000,0x00000074a3f00000] [id=30172]
  0x000002605f7dbdf0 ConcurrentGCThread "G1 Refine#0" [stack: 0x00000074a1d00000,0x00000074a1e00000] [id=11028]
  0x000002605f7dd4e0 ConcurrentGCThread "G1 Service" [stack: 0x00000074a1e00000,0x00000074a1f00000] [id=30576]

Threads with active compile tasks:
C2 CompilerThread0  96312 8606       4       java.util.stream.AbstractPipeline::<init> (91 bytes)
C1 CompilerThread0  96312 8628       3       scala.collection.ArrayOps$::contains$extension (48 bytes)

VM state: at safepoint (normal execution)

VM Mutex/Monitor currently owned by a thread:  ([mutex/lock_event])
[0x0000026040c89630] Threads_lock - owner thread: 0x000002605f91a6d0
[0x0000026040fcd740] Heap_lock - owner thread: 0x00000260a72356c0

Heap address: 0x00000000c0000000, size: 1024 MB, Compressed Oops mode: 32-bit

CDS archive(s) mapped at: [0x0000026060000000-0x0000026060bb0000-0x0000026060bb0000), size 12255232, SharedBaseAddress: 0x0000026060000000, ArchiveRelocationMode: 1.
Compressed class space mapped at: 0x0000026061000000-0x00000260a1000000, reserved size: 1073741824
Narrow klass base: 0x0000026060000000, Narrow klass shift: 0, Narrow klass range: 0x100000000

GC Precious Log:
 CPUs: 16 total, 16 available
 Memory: 16068M
 Large Page Support: Disabled
 NUMA Support: Disabled
 Compressed Oops: Enabled (32-bit)
 Heap Region Size: 1M
 Heap Min Capacity: 8M
 Heap Initial Capacity: 252M
 Heap Max Capacity: 1G
 Pre-touch: Disabled
 Parallel Workers: 13
 Concurrent Workers: 3
 Concurrent Refinement Workers: 13
 Periodic GC: Disabled

Heap:
 garbage-first heap   total 258048K, used 55646K [0x00000000c0000000, 0x0000000100000000)
  region size 1024K, 3 young (3072K), 3 survivors (3072K)
 Metaspace       used 85742K, committed 87232K, reserved 1179648K
  class space    used 11037K, committed 11712K, reserved 1048576K

Heap Regions: E=young(eden), S=young(survivor), O=old, HS=humongous(starts), HC=humongous(continues), CS=collection set, F=free, OA=open archive, CA=closed archive, TAMS=top-at-mark-start (previous, next)
|   0|0x00000000c0000000, 0x00000000c0100000, 0x00000000c0100000|100%|HS|  |TAMS 0x00000000c0100000, 0x00000000c0100000| Complete 
|   1|0x00000000c0100000, 0x00000000c0200000, 0x00000000c0200000|100%|HS|  |TAMS 0x00000000c0200000, 0x00000000c0200000| Complete 
|   2|0x00000000c0200000, 0x00000000c0300000, 0x00000000c0300000|100%|HC|  |TAMS 0x00000000c0300000, 0x00000000c0300000| Complete 
|   3|0x00000000c0300000, 0x00000000c0400000, 0x00000000c0400000|100%|HS|  |TAMS 0x00000000c0400000, 0x00000000c0400000| Complete 
|   4|0x00000000c0400000, 0x00000000c0500000, 0x00000000c0500000|100%|HC|  |TAMS 0x00000000c0500000, 0x00000000c0500000| Complete 
|   5|0x00000000c0500000, 0x00000000c0600000, 0x00000000c0600000|100%|HC|  |TAMS 0x00000000c0600000, 0x00000000c0600000| Complete 
|   6|0x00000000c0600000, 0x00000000c0700000, 0x00000000c0700000|100%|HS|  |TAMS 0x00000000c0700000, 0x00000000c0700000| Complete 
|   7|0x00000000c0700000, 0x00000000c0800000, 0x00000000c0800000|100%|HS|  |TAMS 0x00000000c0800000, 0x00000000c0800000| Complete 
|   8|0x00000000c0800000, 0x00000000c0900000, 0x00000000c0900000|100%|HS|  |TAMS 0x00000000c0900000, 0x00000000c0900000| Complete 
|   9|0x00000000c0900000, 0x00000000c0a00000, 0x00000000c0a00000|100%|HS|  |TAMS 0x00000000c0a00000, 0x00000000c0a00000| Complete 
|  10|0x00000000c0a00000, 0x00000000c0b00000, 0x00000000c0b00000|100%|HS|  |TAMS 0x00000000c0b00000, 0x00000000c0b00000| Complete 
|  11|0x00000000c0b00000, 0x00000000c0c00000, 0x00000000c0c00000|100%| O|  |TAMS 0x00000000c0c00000, 0x00000000c0c00000| Untracked 
|  12|0x00000000c0c00000, 0x00000000c0d00000, 0x00000000c0d00000|100%| O|  |TAMS 0x00000000c0d00000, 0x00000000c0d00000| Untracked 
|  13|0x00000000c0d00000, 0x00000000c0e00000, 0x00000000c0e00000|100%| O|  |TAMS 0x00000000c0e00000, 0x00000000c0e00000| Untracked 
|  14|0x00000000c0e00000, 0x00000000c0f00000, 0x00000000c0f00000|100%| O|  |TAMS 0x00000000c0f00000, 0x00000000c0f00000| Untracked 
|  15|0x00000000c0f00000, 0x00000000c1000000, 0x00000000c1000000|100%| O|  |TAMS 0x00000000c1000000, 0x00000000c1000000| Untracked 
|  16|0x00000000c1000000, 0x00000000c1100000, 0x00000000c1100000|100%| O|  |TAMS 0x00000000c1100000, 0x00000000c1100000| Untracked 
|  17|0x00000000c1100000, 0x00000000c1200000, 0x00000000c1200000|100%| O|  |TAMS 0x00000000c1200000, 0x00000000c1200000| Untracked 
|  18|0x00000000c1200000, 0x00000000c1300000, 0x00000000c1300000|100%| O|  |TAMS 0x00000000c1300000, 0x00000000c1300000| Untracked 
|  19|0x00000000c1300000, 0x00000000c1400000, 0x00000000c1400000|100%| O|  |TAMS 0x00000000c1400000, 0x00000000c1400000| Untracked 
|  20|0x00000000c1400000, 0x00000000c1500000, 0x00000000c1500000|100%| O|  |TAMS 0x00000000c1500000, 0x00000000c1500000| Untracked 
|  21|0x00000000c1500000, 0x00000000c1600000, 0x00000000c1600000|100%| O|  |TAMS 0x00000000c1600000, 0x00000000c1600000| Untracked 
|  22|0x00000000c1600000, 0x00000000c1700000, 0x00000000c1700000|100%| O|  |TAMS 0x00000000c1700000, 0x00000000c1700000| Untracked 
|  23|0x00000000c1700000, 0x00000000c1800000, 0x00000000c1800000|100%| O|  |TAMS 0x00000000c1800000, 0x00000000c1800000| Untracked 
|  24|0x00000000c1800000, 0x00000000c1812600, 0x00000000c1900000|  7%| O|  |TAMS 0x00000000c1812600, 0x00000000c1812600| Untracked 
|  25|0x00000000c1900000, 0x00000000c1a00000, 0x00000000c1a00000|100%| O|  |TAMS 0x00000000c1a00000, 0x00000000c1a00000| Untracked 
|  26|0x00000000c1a00000, 0x00000000c1b00000, 0x00000000c1b00000|100%| O|  |TAMS 0x00000000c1b00000, 0x00000000c1b00000| Untracked 
|  27|0x00000000c1b00000, 0x00000000c1c00000, 0x00000000c1c00000|100%| O|  |TAMS 0x00000000c1c00000, 0x00000000c1c00000| Untracked 
|  28|0x00000000c1c00000, 0x00000000c1d00000, 0x00000000c1d00000|100%| O|  |TAMS 0x00000000c1d00000, 0x00000000c1d00000| Untracked 
|  29|0x00000000c1d00000, 0x00000000c1e00000, 0x00000000c1e00000|100%| O|  |TAMS 0x00000000c1e00000, 0x00000000c1e00000| Untracked 
|  30|0x00000000c1e00000, 0x00000000c1f00000, 0x00000000c1f00000|100%| O|  |TAMS 0x00000000c1f00000, 0x00000000c1f00000| Untracked 
|  31|0x00000000c1f00000, 0x00000000c2000000, 0x00000000c2000000|100%| O|  |TAMS 0x00000000c2000000, 0x00000000c2000000| Untracked 
|  32|0x00000000c2000000, 0x00000000c2100000, 0x00000000c2100000|100%| O|  |TAMS 0x00000000c2100000, 0x00000000c2100000| Untracked 
|  33|0x00000000c2100000, 0x00000000c2200000, 0x00000000c2200000|100%| O|  |TAMS 0x00000000c2200000, 0x00000000c2200000| Untracked 
|  34|0x00000000c2200000, 0x00000000c2300000, 0x00000000c2300000|100%| O|  |TAMS 0x00000000c2300000, 0x00000000c2300000| Untracked 
|  35|0x00000000c2300000, 0x00000000c2400000, 0x00000000c2400000|100%| O|  |TAMS 0x00000000c2400000, 0x00000000c2400000| Untracked 
|  36|0x00000000c2400000, 0x00000000c2500000, 0x00000000c2500000|100%| O|  |TAMS 0x00000000c2500000, 0x00000000c2500000| Untracked 
|  37|0x00000000c2500000, 0x00000000c2600000, 0x00000000c2600000|100%| O|  |TAMS 0x00000000c2600000, 0x00000000c2600000| Untracked 
|  38|0x00000000c2600000, 0x00000000c2700000, 0x00000000c2700000|100%| O|  |TAMS 0x00000000c2700000, 0x00000000c2700000| Untracked 
|  39|0x00000000c2700000, 0x00000000c2800000, 0x00000000c2800000|100%| O|  |TAMS 0x00000000c2800000, 0x00000000c2800000| Untracked 
|  40|0x00000000c2800000, 0x00000000c2900000, 0x00000000c2900000|100%| O|  |TAMS 0x00000000c2900000, 0x00000000c2900000| Untracked 
|  41|0x00000000c2900000, 0x00000000c2a00000, 0x00000000c2a00000|100%| O|  |TAMS 0x00000000c2a00000, 0x00000000c2a00000| Untracked 
|  42|0x00000000c2a00000, 0x00000000c2b00000, 0x00000000c2b00000|100%| O|  |TAMS 0x00000000c2b00000, 0x00000000c2b00000| Untracked 
|  43|0x00000000c2b00000, 0x00000000c2c00000, 0x00000000c2c00000|100%| O|  |TAMS 0x00000000c2c00000, 0x00000000c2c00000| Untracked 
|  44|0x00000000c2c00000, 0x00000000c2d00000, 0x00000000c2d00000|100%| O|  |TAMS 0x00000000c2d00000, 0x00000000c2d00000| Untracked 
|  45|0x00000000c2d00000, 0x00000000c2e00000, 0x00000000c2e00000|100%| O|  |TAMS 0x00000000c2e00000, 0x00000000c2e00000| Untracked 
|  46|0x00000000c2e00000, 0x00000000c2f00000, 0x00000000c2f00000|100%| O|  |TAMS 0x00000000c2f00000, 0x00000000c2f00000| Untracked 
|  47|0x00000000c2f00000, 0x00000000c3000000, 0x00000000c3000000|100%| O|  |TAMS 0x00000000c3000000, 0x00000000c3000000| Untracked 
|  48|0x00000000c3000000, 0x00000000c3100000, 0x00000000c3100000|100%| O|  |TAMS 0x00000000c30c8c00, 0x00000000c3100000| Untracked 
|  49|0x00000000c3100000, 0x00000000c3200000, 0x00000000c3200000|100%| O|  |TAMS 0x00000000c3100000, 0x00000000c3200000| Untracked 
|  50|0x00000000c3200000, 0x00000000c3300000, 0x00000000c3300000|100%| O|  |TAMS 0x00000000c3200000, 0x00000000c3300000| Untracked 
|  51|0x00000000c3300000, 0x00000000c3400000, 0x00000000c3400000|100%| O|  |TAMS 0x00000000c3300000, 0x00000000c3400000| Untracked 
|  52|0x00000000c3400000, 0x00000000c3500000, 0x00000000c3500000|100%| O|  |TAMS 0x00000000c3400000, 0x00000000c3500000| Untracked 
|  53|0x00000000c3500000, 0x00000000c3525e00, 0x00000000c3600000| 14%| O|  |TAMS 0x00000000c3500000, 0x00000000c3525e00| Untracked 
|  54|0x00000000c3600000, 0x00000000c3600000, 0x00000000c3700000|  0%| F|  |TAMS 0x00000000c3600000, 0x00000000c3600000| Untracked 
|  55|0x00000000c3700000, 0x00000000c3700000, 0x00000000c3800000|  0%| F|  |TAMS 0x00000000c3700000, 0x00000000c3700000| Untracked 
|  56|0x00000000c3800000, 0x00000000c3800000, 0x00000000c3900000|  0%| F|  |TAMS 0x00000000c3800000, 0x00000000c3800000| Untracked 
|  57|0x00000000c3900000, 0x00000000c3900000, 0x00000000c3a00000|  0%| F|  |TAMS 0x00000000c3900000, 0x00000000c3900000| Untracked 
|  58|0x00000000c3a00000, 0x00000000c3a00000, 0x00000000c3b00000|  0%| F|  |TAMS 0x00000000c3a00000, 0x00000000c3a00000| Untracked 
|  59|0x00000000c3b00000, 0x00000000c3b00000, 0x00000000c3c00000|  0%| F|  |TAMS 0x00000000c3b00000, 0x00000000c3b00000| Untracked 
|  60|0x00000000c3c00000, 0x00000000c3c00000, 0x00000000c3d00000|  0%| F|  |TAMS 0x00000000c3c00000, 0x00000000c3c00000| Untracked 
|  61|0x00000000c3d00000, 0x00000000c3d00000, 0x00000000c3e00000|  0%| F|  |TAMS 0x00000000c3d00000, 0x00000000c3d00000| Untracked 
|  62|0x00000000c3e00000, 0x00000000c3e00000, 0x00000000c3f00000|  0%| F|  |TAMS 0x00000000c3e00000, 0x00000000c3e00000| Untracked 
|  63|0x00000000c3f00000, 0x00000000c3f00000, 0x00000000c4000000|  0%| F|  |TAMS 0x00000000c3f00000, 0x00000000c3f00000| Untracked 
|  64|0x00000000c4000000, 0x00000000c4000000, 0x00000000c4100000|  0%| F|  |TAMS 0x00000000c4000000, 0x00000000c4000000| Untracked 
|  65|0x00000000c4100000, 0x00000000c4100000, 0x00000000c4200000|  0%| F|  |TAMS 0x00000000c4100000, 0x00000000c4100000| Untracked 
|  66|0x00000000c4200000, 0x00000000c4200000, 0x00000000c4300000|  0%| F|  |TAMS 0x00000000c4200000, 0x00000000c4200000| Untracked 
|  67|0x00000000c4300000, 0x00000000c4300000, 0x00000000c4400000|  0%| F|  |TAMS 0x00000000c4300000, 0x00000000c4300000| Untracked 
|  68|0x00000000c4400000, 0x00000000c4400000, 0x00000000c4500000|  0%| F|  |TAMS 0x00000000c4400000, 0x00000000c4400000| Untracked 
|  69|0x00000000c4500000, 0x00000000c4500000, 0x00000000c4600000|  0%| F|  |TAMS 0x00000000c4500000, 0x00000000c4500000| Untracked 
|  70|0x00000000c4600000, 0x00000000c4600000, 0x00000000c4700000|  0%| F|  |TAMS 0x00000000c4600000, 0x00000000c4600000| Untracked 
|  71|0x00000000c4700000, 0x00000000c4700000, 0x00000000c4800000|  0%| F|  |TAMS 0x00000000c4700000, 0x00000000c4700000| Untracked 
|  72|0x00000000c4800000, 0x00000000c4800000, 0x00000000c4900000|  0%| F|  |TAMS 0x00000000c4800000, 0x00000000c4800000| Untracked 
|  73|0x00000000c4900000, 0x00000000c4900000, 0x00000000c4a00000|  0%| F|  |TAMS 0x00000000c4900000, 0x00000000c4900000| Untracked 
|  74|0x00000000c4a00000, 0x00000000c4a00000, 0x00000000c4b00000|  0%| F|  |TAMS 0x00000000c4a00000, 0x00000000c4a00000| Untracked 
|  75|0x00000000c4b00000, 0x00000000c4b00000, 0x00000000c4c00000|  0%| F|  |TAMS 0x00000000c4b00000, 0x00000000c4b00000| Untracked 
|  76|0x00000000c4c00000, 0x00000000c4c00000, 0x00000000c4d00000|  0%| F|  |TAMS 0x00000000c4c00000, 0x00000000c4c00000| Untracked 
|  77|0x00000000c4d00000, 0x00000000c4d00000, 0x00000000c4e00000|  0%| F|  |TAMS 0x00000000c4d00000, 0x00000000c4d00000| Untracked 
|  78|0x00000000c4e00000, 0x00000000c4e00000, 0x00000000c4f00000|  0%| F|  |TAMS 0x00000000c4e00000, 0x00000000c4e00000| Untracked 
|  79|0x00000000c4f00000, 0x00000000c4f00000, 0x00000000c5000000|  0%| F|  |TAMS 0x00000000c4f00000, 0x00000000c4f00000| Untracked 
|  80|0x00000000c5000000, 0x00000000c5000000, 0x00000000c5100000|  0%| F|  |TAMS 0x00000000c5000000, 0x00000000c5000000| Untracked 
|  81|0x00000000c5100000, 0x00000000c5100000, 0x00000000c5200000|  0%| F|  |TAMS 0x00000000c5100000, 0x00000000c5100000| Untracked 
|  82|0x00000000c5200000, 0x00000000c5200000, 0x00000000c5300000|  0%| F|  |TAMS 0x00000000c5200000, 0x00000000c5200000| Untracked 
|  83|0x00000000c5300000, 0x00000000c5300000, 0x00000000c5400000|  0%| F|  |TAMS 0x00000000c5300000, 0x00000000c5300000| Untracked 
|  84|0x00000000c5400000, 0x00000000c5400000, 0x00000000c5500000|  0%| F|  |TAMS 0x00000000c5400000, 0x00000000c5400000| Untracked 
|  85|0x00000000c5500000, 0x00000000c5500000, 0x00000000c5600000|  0%| F|  |TAMS 0x00000000c5500000, 0x00000000c5500000| Untracked 
|  86|0x00000000c5600000, 0x00000000c5600000, 0x00000000c5700000|  0%| F|  |TAMS 0x00000000c5600000, 0x00000000c5600000| Untracked 
|  87|0x00000000c5700000, 0x00000000c5700000, 0x00000000c5800000|  0%| F|  |TAMS 0x00000000c5700000, 0x00000000c5700000| Untracked 
|  88|0x00000000c5800000, 0x00000000c5800000, 0x00000000c5900000|  0%| F|  |TAMS 0x00000000c5800000, 0x00000000c5800000| Untracked 
|  89|0x00000000c5900000, 0x00000000c5900000, 0x00000000c5a00000|  0%| F|  |TAMS 0x00000000c5900000, 0x00000000c5900000| Untracked 
|  90|0x00000000c5a00000, 0x00000000c5a00000, 0x00000000c5b00000|  0%| F|  |TAMS 0x00000000c5a00000, 0x00000000c5a00000| Untracked 
|  91|0x00000000c5b00000, 0x00000000c5b00000, 0x00000000c5c00000|  0%| F|  |TAMS 0x00000000c5b00000, 0x00000000c5b00000| Untracked 
|  92|0x00000000c5c00000, 0x00000000c5c00000, 0x00000000c5d00000|  0%| F|  |TAMS 0x00000000c5c00000, 0x00000000c5c00000| Untracked 
|  93|0x00000000c5d00000, 0x00000000c5d00000, 0x00000000c5e00000|  0%| F|  |TAMS 0x00000000c5d00000, 0x00000000c5d00000| Untracked 
|  94|0x00000000c5e00000, 0x00000000c5e00000, 0x00000000c5f00000|  0%| F|  |TAMS 0x00000000c5e00000, 0x00000000c5e00000| Untracked 
|  95|0x00000000c5f00000, 0x00000000c5f00000, 0x00000000c6000000|  0%| F|  |TAMS 0x00000000c5f00000, 0x00000000c5f00000| Untracked 
|  96|0x00000000c6000000, 0x00000000c6000000, 0x00000000c6100000|  0%| F|  |TAMS 0x00000000c6000000, 0x00000000c6000000| Untracked 
|  97|0x00000000c6100000, 0x00000000c6100000, 0x00000000c6200000|  0%| F|  |TAMS 0x00000000c6100000, 0x00000000c6100000| Untracked 
|  98|0x00000000c6200000, 0x00000000c6200000, 0x00000000c6300000|  0%| F|  |TAMS 0x00000000c6200000, 0x00000000c6200000| Untracked 
|  99|0x00000000c6300000, 0x00000000c6300000, 0x00000000c6400000|  0%| F|  |TAMS 0x00000000c6300000, 0x00000000c6300000| Untracked 
| 100|0x00000000c6400000, 0x00000000c6400000, 0x00000000c6500000|  0%| F|  |TAMS 0x00000000c6400000, 0x00000000c6400000| Untracked 
| 101|0x00000000c6500000, 0x00000000c6500000, 0x00000000c6600000|  0%| F|  |TAMS 0x00000000c6500000, 0x00000000c6500000| Untracked 
| 102|0x00000000c6600000, 0x00000000c6600000, 0x00000000c6700000|  0%| F|  |TAMS 0x00000000c6600000, 0x00000000c6600000| Untracked 
| 103|0x00000000c6700000, 0x00000000c6700000, 0x00000000c6800000|  0%| F|  |TAMS 0x00000000c6700000, 0x00000000c6700000| Untracked 
| 104|0x00000000c6800000, 0x00000000c6800000, 0x00000000c6900000|  0%| F|  |TAMS 0x00000000c6800000, 0x00000000c6800000| Untracked 
| 105|0x00000000c6900000, 0x00000000c6900000, 0x00000000c6a00000|  0%| F|  |TAMS 0x00000000c6900000, 0x00000000c6900000| Untracked 
| 106|0x00000000c6a00000, 0x00000000c6a00000, 0x00000000c6b00000|  0%| F|  |TAMS 0x00000000c6a00000, 0x00000000c6a00000| Untracked 
| 107|0x00000000c6b00000, 0x00000000c6b00000, 0x00000000c6c00000|  0%| F|  |TAMS 0x00000000c6b00000, 0x00000000c6b00000| Untracked 
| 108|0x00000000c6c00000, 0x00000000c6c00000, 0x00000000c6d00000|  0%| F|  |TAMS 0x00000000c6c00000, 0x00000000c6c00000| Untracked 
| 109|0x00000000c6d00000, 0x00000000c6d00000, 0x00000000c6e00000|  0%| F|  |TAMS 0x00000000c6d00000, 0x00000000c6d00000| Untracked 
| 110|0x00000000c6e00000, 0x00000000c6e00000, 0x00000000c6f00000|  0%| F|  |TAMS 0x00000000c6e00000, 0x00000000c6e00000| Untracked 
| 111|0x00000000c6f00000, 0x00000000c6f00000, 0x00000000c7000000|  0%| F|  |TAMS 0x00000000c6f00000, 0x00000000c6f00000| Untracked 
| 112|0x00000000c7000000, 0x00000000c7000000, 0x00000000c7100000|  0%| F|  |TAMS 0x00000000c7000000, 0x00000000c7000000| Untracked 
| 113|0x00000000c7100000, 0x00000000c7100000, 0x00000000c7200000|  0%| F|  |TAMS 0x00000000c7100000, 0x00000000c7100000| Untracked 
| 114|0x00000000c7200000, 0x00000000c7200000, 0x00000000c7300000|  0%| F|  |TAMS 0x00000000c7200000, 0x00000000c7200000| Untracked 
| 115|0x00000000c7300000, 0x00000000c7300000, 0x00000000c7400000|  0%| F|  |TAMS 0x00000000c7300000, 0x00000000c7300000| Untracked 
| 116|0x00000000c7400000, 0x00000000c7400000, 0x00000000c7500000|  0%| F|  |TAMS 0x00000000c7400000, 0x00000000c7400000| Untracked 
| 117|0x00000000c7500000, 0x00000000c7500000, 0x00000000c7600000|  0%| F|  |TAMS 0x00000000c7500000, 0x00000000c7500000| Untracked 
| 118|0x00000000c7600000, 0x00000000c7600000, 0x00000000c7700000|  0%| F|  |TAMS 0x00000000c7600000, 0x00000000c7600000| Untracked 
| 119|0x00000000c7700000, 0x00000000c7700000, 0x00000000c7800000|  0%| F|  |TAMS 0x00000000c7700000, 0x00000000c7700000| Untracked 
| 120|0x00000000c7800000, 0x00000000c7800000, 0x00000000c7900000|  0%| F|  |TAMS 0x00000000c7800000, 0x00000000c7800000| Untracked 
| 121|0x00000000c7900000, 0x00000000c7900000, 0x00000000c7a00000|  0%| F|  |TAMS 0x00000000c7900000, 0x00000000c7900000| Untracked 
| 122|0x00000000c7a00000, 0x00000000c7a00000, 0x00000000c7b00000|  0%| F|  |TAMS 0x00000000c7a00000, 0x00000000c7a00000| Untracked 
| 123|0x00000000c7b00000, 0x00000000c7b00000, 0x00000000c7c00000|  0%| F|  |TAMS 0x00000000c7b00000, 0x00000000c7b00000| Untracked 
| 124|0x00000000c7c00000, 0x00000000c7c00000, 0x00000000c7d00000|  0%| F|  |TAMS 0x00000000c7c00000, 0x00000000c7c00000| Untracked 
| 125|0x00000000c7d00000, 0x00000000c7d00000, 0x00000000c7e00000|  0%| F|  |TAMS 0x00000000c7d00000, 0x00000000c7d00000| Untracked 
| 126|0x00000000c7e00000, 0x00000000c7e00000, 0x00000000c7f00000|  0%| F|  |TAMS 0x00000000c7e00000, 0x00000000c7e00000| Untracked 
| 127|0x00000000c7f00000, 0x00000000c7f00000, 0x00000000c8000000|  0%| F|  |TAMS 0x00000000c7f00000, 0x00000000c7f00000| Untracked 
| 128|0x00000000c8000000, 0x00000000c8000000, 0x00000000c8100000|  0%| F|  |TAMS 0x00000000c8000000, 0x00000000c8000000| Untracked 
| 129|0x00000000c8100000, 0x00000000c8100000, 0x00000000c8200000|  0%| F|  |TAMS 0x00000000c8100000, 0x00000000c8100000| Untracked 
| 130|0x00000000c8200000, 0x00000000c8200000, 0x00000000c8300000|  0%| F|  |TAMS 0x00000000c8200000, 0x00000000c8200000| Untracked 
| 131|0x00000000c8300000, 0x00000000c8300000, 0x00000000c8400000|  0%| F|  |TAMS 0x00000000c8300000, 0x00000000c8300000| Untracked 
| 132|0x00000000c8400000, 0x00000000c8400000, 0x00000000c8500000|  0%| F|  |TAMS 0x00000000c8400000, 0x00000000c8400000| Untracked 
| 133|0x00000000c8500000, 0x00000000c8500000, 0x00000000c8600000|  0%| F|  |TAMS 0x00000000c8500000, 0x00000000c8500000| Untracked 
| 134|0x00000000c8600000, 0x00000000c8600000, 0x00000000c8700000|  0%| F|  |TAMS 0x00000000c8600000, 0x00000000c8600000| Untracked 
| 135|0x00000000c8700000, 0x00000000c8700000, 0x00000000c8800000|  0%| F|  |TAMS 0x00000000c8700000, 0x00000000c8700000| Untracked 
| 136|0x00000000c8800000, 0x00000000c8800000, 0x00000000c8900000|  0%| F|  |TAMS 0x00000000c8800000, 0x00000000c8800000| Untracked 
| 137|0x00000000c8900000, 0x00000000c8900000, 0x00000000c8a00000|  0%| F|  |TAMS 0x00000000c8900000, 0x00000000c8900000| Untracked 
| 138|0x00000000c8a00000, 0x00000000c8a1f520, 0x00000000c8b00000| 12%| S|CS|TAMS 0x00000000c8a00000, 0x00000000c8a00000| Complete 
| 139|0x00000000c8b00000, 0x00000000c8c00000, 0x00000000c8c00000|100%| S|CS|TAMS 0x00000000c8b00000, 0x00000000c8b00000| Complete 
| 140|0x00000000c8c00000, 0x00000000c8c00000, 0x00000000c8d00000|  0%| F|  |TAMS 0x00000000c8c00000, 0x00000000c8c00000| Untracked 
| 141|0x00000000c8d00000, 0x00000000c8d00000, 0x00000000c8e00000|  0%| F|  |TAMS 0x00000000c8d00000, 0x00000000c8d00000| Untracked 
| 142|0x00000000c8e00000, 0x00000000c8e00000, 0x00000000c8f00000|  0%| F|  |TAMS 0x00000000c8e00000, 0x00000000c8e00000| Untracked 
| 143|0x00000000c8f00000, 0x00000000c8f00000, 0x00000000c9000000|  0%| F|  |TAMS 0x00000000c8f00000, 0x00000000c8f00000| Untracked 
| 144|0x00000000c9000000, 0x00000000c9000000, 0x00000000c9100000|  0%| F|  |TAMS 0x00000000c9000000, 0x00000000c9000000| Untracked 
| 145|0x00000000c9100000, 0x00000000c9100000, 0x00000000c9200000|  0%| F|  |TAMS 0x00000000c9100000, 0x00000000c9100000| Untracked 
| 146|0x00000000c9200000, 0x00000000c9200000, 0x00000000c9300000|  0%| F|  |TAMS 0x00000000c9200000, 0x00000000c9200000| Untracked 
| 147|0x00000000c9300000, 0x00000000c9300000, 0x00000000c9400000|  0%| F|  |TAMS 0x00000000c9300000, 0x00000000c9300000| Untracked 
| 148|0x00000000c9400000, 0x00000000c9400000, 0x00000000c9500000|  0%| F|  |TAMS 0x00000000c9400000, 0x00000000c9400000| Untracked 
| 149|0x00000000c9500000, 0x00000000c9500000, 0x00000000c9600000|  0%| F|  |TAMS 0x00000000c9500000, 0x00000000c9500000| Untracked 
| 150|0x00000000c9600000, 0x00000000c9600000, 0x00000000c9700000|  0%| F|  |TAMS 0x00000000c9600000, 0x00000000c9600000| Untracked 
| 151|0x00000000c9700000, 0x00000000c9700000, 0x00000000c9800000|  0%| F|  |TAMS 0x00000000c9700000, 0x00000000c9700000| Untracked 
| 152|0x00000000c9800000, 0x00000000c9800000, 0x00000000c9900000|  0%| F|  |TAMS 0x00000000c9800000, 0x00000000c9800000| Untracked 
| 153|0x00000000c9900000, 0x00000000c9900000, 0x00000000c9a00000|  0%| F|  |TAMS 0x00000000c9900000, 0x00000000c9900000| Untracked 
| 154|0x00000000c9a00000, 0x00000000c9a00000, 0x00000000c9b00000|  0%| F|  |TAMS 0x00000000c9a00000, 0x00000000c9a00000| Untracked 
| 155|0x00000000c9b00000, 0x00000000c9b00000, 0x00000000c9c00000|  0%| F|  |TAMS 0x00000000c9b00000, 0x00000000c9b00000| Untracked 
| 156|0x00000000c9c00000, 0x00000000c9c00000, 0x00000000c9d00000|  0%| F|  |TAMS 0x00000000c9c00000, 0x00000000c9c00000| Untracked 
| 157|0x00000000c9d00000, 0x00000000c9d00000, 0x00000000c9e00000|  0%| F|  |TAMS 0x00000000c9d00000, 0x00000000c9d00000| Untracked 
| 158|0x00000000c9e00000, 0x00000000c9e00000, 0x00000000c9f00000|  0%| F|  |TAMS 0x00000000c9e00000, 0x00000000c9e00000| Untracked 
| 159|0x00000000c9f00000, 0x00000000c9f00000, 0x00000000ca000000|  0%| F|  |TAMS 0x00000000c9f00000, 0x00000000c9f00000| Untracked 
| 160|0x00000000ca000000, 0x00000000ca000000, 0x00000000ca100000|  0%| F|  |TAMS 0x00000000ca000000, 0x00000000ca000000| Untracked 
| 161|0x00000000ca100000, 0x00000000ca100000, 0x00000000ca200000|  0%| F|  |TAMS 0x00000000ca100000, 0x00000000ca100000| Untracked 
| 162|0x00000000ca200000, 0x00000000ca200000, 0x00000000ca300000|  0%| F|  |TAMS 0x00000000ca200000, 0x00000000ca200000| Untracked 
| 163|0x00000000ca300000, 0x00000000ca300000, 0x00000000ca400000|  0%| F|  |TAMS 0x00000000ca300000, 0x00000000ca300000| Untracked 
| 164|0x00000000ca400000, 0x00000000ca400000, 0x00000000ca500000|  0%| F|  |TAMS 0x00000000ca400000, 0x00000000ca400000| Untracked 
| 165|0x00000000ca500000, 0x00000000ca500000, 0x00000000ca600000|  0%| F|  |TAMS 0x00000000ca500000, 0x00000000ca500000| Untracked 
| 166|0x00000000ca600000, 0x00000000ca600000, 0x00000000ca700000|  0%| F|  |TAMS 0x00000000ca600000, 0x00000000ca600000| Untracked 
| 167|0x00000000ca700000, 0x00000000ca700000, 0x00000000ca800000|  0%| F|  |TAMS 0x00000000ca700000, 0x00000000ca700000| Untracked 
| 168|0x00000000ca800000, 0x00000000ca800000, 0x00000000ca900000|  0%| F|  |TAMS 0x00000000ca800000, 0x00000000ca800000| Untracked 
| 169|0x00000000ca900000, 0x00000000ca900000, 0x00000000caa00000|  0%| F|  |TAMS 0x00000000ca900000, 0x00000000ca900000| Untracked 
| 170|0x00000000caa00000, 0x00000000caa00000, 0x00000000cab00000|  0%| F|  |TAMS 0x00000000caa00000, 0x00000000caa00000| Untracked 
| 171|0x00000000cab00000, 0x00000000cab00000, 0x00000000cac00000|  0%| F|  |TAMS 0x00000000cab00000, 0x00000000cab00000| Untracked 
| 172|0x00000000cac00000, 0x00000000cac00000, 0x00000000cad00000|  0%| F|  |TAMS 0x00000000cac00000, 0x00000000cac00000| Untracked 
| 173|0x00000000cad00000, 0x00000000cad00000, 0x00000000cae00000|  0%| F|  |TAMS 0x00000000cad00000, 0x00000000cad00000| Untracked 
| 174|0x00000000cae00000, 0x00000000cae00000, 0x00000000caf00000|  0%| F|  |TAMS 0x00000000cae00000, 0x00000000cae00000| Untracked 
| 175|0x00000000caf00000, 0x00000000caf00000, 0x00000000cb000000|  0%| F|  |TAMS 0x00000000caf00000, 0x00000000caf00000| Untracked 
| 176|0x00000000cb000000, 0x00000000cb000000, 0x00000000cb100000|  0%| F|  |TAMS 0x00000000cb000000, 0x00000000cb000000| Untracked 
| 177|0x00000000cb100000, 0x00000000cb100000, 0x00000000cb200000|  0%| F|  |TAMS 0x00000000cb100000, 0x00000000cb100000| Untracked 
| 178|0x00000000cb200000, 0x00000000cb200000, 0x00000000cb300000|  0%| F|  |TAMS 0x00000000cb200000, 0x00000000cb200000| Untracked 
| 179|0x00000000cb300000, 0x00000000cb300000, 0x00000000cb400000|  0%| F|  |TAMS 0x00000000cb300000, 0x00000000cb300000| Untracked 
| 180|0x00000000cb400000, 0x00000000cb400000, 0x00000000cb500000|  0%| F|  |TAMS 0x00000000cb400000, 0x00000000cb400000| Untracked 
| 181|0x00000000cb500000, 0x00000000cb500000, 0x00000000cb600000|  0%| F|  |TAMS 0x00000000cb500000, 0x00000000cb500000| Untracked 
| 182|0x00000000cb600000, 0x00000000cb600000, 0x00000000cb700000|  0%| F|  |TAMS 0x00000000cb600000, 0x00000000cb600000| Untracked 
| 183|0x00000000cb700000, 0x00000000cb700000, 0x00000000cb800000|  0%| F|  |TAMS 0x00000000cb700000, 0x00000000cb700000| Untracked 
| 184|0x00000000cb800000, 0x00000000cb800000, 0x00000000cb900000|  0%| F|  |TAMS 0x00000000cb800000, 0x00000000cb800000| Untracked 
| 185|0x00000000cb900000, 0x00000000cb900000, 0x00000000cba00000|  0%| F|  |TAMS 0x00000000cb900000, 0x00000000cb900000| Untracked 
| 186|0x00000000cba00000, 0x00000000cba00000, 0x00000000cbb00000|  0%| F|  |TAMS 0x00000000cba00000, 0x00000000cba00000| Untracked 
| 187|0x00000000cbb00000, 0x00000000cbb00000, 0x00000000cbc00000|  0%| F|  |TAMS 0x00000000cbb00000, 0x00000000cbb00000| Untracked 
| 188|0x00000000cbc00000, 0x00000000cbc00000, 0x00000000cbd00000|  0%| F|  |TAMS 0x00000000cbc00000, 0x00000000cbc00000| Untracked 
| 189|0x00000000cbd00000, 0x00000000cbd00000, 0x00000000cbe00000|  0%| F|  |TAMS 0x00000000cbd00000, 0x00000000cbd00000| Untracked 
| 190|0x00000000cbe00000, 0x00000000cbe00000, 0x00000000cbf00000|  0%| F|  |TAMS 0x00000000cbe00000, 0x00000000cbe00000| Untracked 
| 191|0x00000000cbf00000, 0x00000000cbf00000, 0x00000000cc000000|  0%| F|  |TAMS 0x00000000cbf00000, 0x00000000cbf00000| Untracked 
| 192|0x00000000cc000000, 0x00000000cc000000, 0x00000000cc100000|  0%| F|  |TAMS 0x00000000cc000000, 0x00000000cc000000| Untracked 
| 193|0x00000000cc100000, 0x00000000cc100000, 0x00000000cc200000|  0%| F|  |TAMS 0x00000000cc100000, 0x00000000cc100000| Untracked 
| 194|0x00000000cc200000, 0x00000000cc200000, 0x00000000cc300000|  0%| F|  |TAMS 0x00000000cc200000, 0x00000000cc200000| Untracked 
| 195|0x00000000cc300000, 0x00000000cc300000, 0x00000000cc400000|  0%| F|  |TAMS 0x00000000cc300000, 0x00000000cc300000| Untracked 
| 196|0x00000000cc400000, 0x00000000cc400000, 0x00000000cc500000|  0%| F|  |TAMS 0x00000000cc400000, 0x00000000cc400000| Untracked 
| 197|0x00000000cc500000, 0x00000000cc500000, 0x00000000cc600000|  0%| F|  |TAMS 0x00000000cc500000, 0x00000000cc500000| Untracked 
| 198|0x00000000cc600000, 0x00000000cc600000, 0x00000000cc700000|  0%| F|  |TAMS 0x00000000cc600000, 0x00000000cc600000| Untracked 
| 199|0x00000000cc700000, 0x00000000cc700000, 0x00000000cc800000|  0%| F|  |TAMS 0x00000000cc700000, 0x00000000cc700000| Untracked 
| 200|0x00000000cc800000, 0x00000000cc800000, 0x00000000cc900000|  0%| F|  |TAMS 0x00000000cc800000, 0x00000000cc800000| Untracked 
| 201|0x00000000cc900000, 0x00000000cc900000, 0x00000000cca00000|  0%| F|  |TAMS 0x00000000cc900000, 0x00000000cc900000| Untracked 
| 202|0x00000000cca00000, 0x00000000cca00000, 0x00000000ccb00000|  0%| F|  |TAMS 0x00000000cca00000, 0x00000000cca00000| Untracked 
| 203|0x00000000ccb00000, 0x00000000ccb00000, 0x00000000ccc00000|  0%| F|  |TAMS 0x00000000ccb00000, 0x00000000ccb00000| Untracked 
| 204|0x00000000ccc00000, 0x00000000ccc00000, 0x00000000ccd00000|  0%| F|  |TAMS 0x00000000ccc00000, 0x00000000ccc00000| Untracked 
| 205|0x00000000ccd00000, 0x00000000ccd00000, 0x00000000cce00000|  0%| F|  |TAMS 0x00000000ccd00000, 0x00000000ccd00000| Untracked 
| 206|0x00000000cce00000, 0x00000000cce00000, 0x00000000ccf00000|  0%| F|  |TAMS 0x00000000cce00000, 0x00000000cce00000| Untracked 
| 207|0x00000000ccf00000, 0x00000000ccf00000, 0x00000000cd000000|  0%| F|  |TAMS 0x00000000ccf00000, 0x00000000ccf00000| Untracked 
| 208|0x00000000cd000000, 0x00000000cd000000, 0x00000000cd100000|  0%| F|  |TAMS 0x00000000cd000000, 0x00000000cd000000| Untracked 
| 209|0x00000000cd100000, 0x00000000cd100000, 0x00000000cd200000|  0%| F|  |TAMS 0x00000000cd100000, 0x00000000cd100000| Untracked 
| 210|0x00000000cd200000, 0x00000000cd200000, 0x00000000cd300000|  0%| F|  |TAMS 0x00000000cd200000, 0x00000000cd200000| Untracked 
| 211|0x00000000cd300000, 0x00000000cd300000, 0x00000000cd400000|  0%| F|  |TAMS 0x00000000cd300000, 0x00000000cd300000| Untracked 
| 212|0x00000000cd400000, 0x00000000cd400000, 0x00000000cd500000|  0%| F|  |TAMS 0x00000000cd400000, 0x00000000cd400000| Untracked 
| 213|0x00000000cd500000, 0x00000000cd500000, 0x00000000cd600000|  0%| F|  |TAMS 0x00000000cd500000, 0x00000000cd500000| Untracked 
| 214|0x00000000cd600000, 0x00000000cd600000, 0x00000000cd700000|  0%| F|  |TAMS 0x00000000cd600000, 0x00000000cd600000| Untracked 
| 215|0x00000000cd700000, 0x00000000cd700000, 0x00000000cd800000|  0%| F|  |TAMS 0x00000000cd700000, 0x00000000cd700000| Untracked 
| 216|0x00000000cd800000, 0x00000000cd800000, 0x00000000cd900000|  0%| F|  |TAMS 0x00000000cd800000, 0x00000000cd800000| Untracked 
| 217|0x00000000cd900000, 0x00000000cd900000, 0x00000000cda00000|  0%| F|  |TAMS 0x00000000cd900000, 0x00000000cd900000| Untracked 
| 218|0x00000000cda00000, 0x00000000cda00000, 0x00000000cdb00000|  0%| F|  |TAMS 0x00000000cda00000, 0x00000000cda00000| Untracked 
| 219|0x00000000cdb00000, 0x00000000cdb00000, 0x00000000cdc00000|  0%| F|  |TAMS 0x00000000cdb00000, 0x00000000cdb00000| Untracked 
| 220|0x00000000cdc00000, 0x00000000cdc00000, 0x00000000cdd00000|  0%| F|  |TAMS 0x00000000cdc00000, 0x00000000cdc00000| Untracked 
| 221|0x00000000cdd00000, 0x00000000cdd00000, 0x00000000cde00000|  0%| F|  |TAMS 0x00000000cdd00000, 0x00000000cdd00000| Untracked 
| 222|0x00000000cde00000, 0x00000000cde00000, 0x00000000cdf00000|  0%| F|  |TAMS 0x00000000cde00000, 0x00000000cde00000| Untracked 
| 223|0x00000000cdf00000, 0x00000000cdf00000, 0x00000000ce000000|  0%| F|  |TAMS 0x00000000cdf00000, 0x00000000cdf00000| Untracked 
| 224|0x00000000ce000000, 0x00000000ce000000, 0x00000000ce100000|  0%| F|  |TAMS 0x00000000ce000000, 0x00000000ce000000| Untracked 
| 225|0x00000000ce100000, 0x00000000ce100000, 0x00000000ce200000|  0%| F|  |TAMS 0x00000000ce100000, 0x00000000ce100000| Untracked 
| 226|0x00000000ce200000, 0x00000000ce200000, 0x00000000ce300000|  0%| F|  |TAMS 0x00000000ce200000, 0x00000000ce200000| Untracked 
| 227|0x00000000ce300000, 0x00000000ce300000, 0x00000000ce400000|  0%| F|  |TAMS 0x00000000ce300000, 0x00000000ce300000| Untracked 
| 228|0x00000000ce400000, 0x00000000ce400000, 0x00000000ce500000|  0%| F|  |TAMS 0x00000000ce400000, 0x00000000ce400000| Untracked 
| 229|0x00000000ce500000, 0x00000000ce500000, 0x00000000ce600000|  0%| F|  |TAMS 0x00000000ce500000, 0x00000000ce500000| Untracked 
| 230|0x00000000ce600000, 0x00000000ce600000, 0x00000000ce700000|  0%| F|  |TAMS 0x00000000ce600000, 0x00000000ce600000| Untracked 
| 231|0x00000000ce700000, 0x00000000ce700000, 0x00000000ce800000|  0%| F|  |TAMS 0x00000000ce700000, 0x00000000ce700000| Untracked 
| 232|0x00000000ce800000, 0x00000000ce900000, 0x00000000ce900000|100%| S|CS|TAMS 0x00000000ce800000, 0x00000000ce800000| Complete 
| 233|0x00000000ce900000, 0x00000000ce900000, 0x00000000cea00000|  0%| F|  |TAMS 0x00000000ce900000, 0x00000000ce900000| Untracked 
| 234|0x00000000cea00000, 0x00000000cea00000, 0x00000000ceb00000|  0%| F|  |TAMS 0x00000000cea00000, 0x00000000cea00000| Untracked 
| 235|0x00000000ceb00000, 0x00000000ceb00000, 0x00000000cec00000|  0%| F|  |TAMS 0x00000000ceb00000, 0x00000000ceb00000| Untracked 
| 236|0x00000000cec00000, 0x00000000cec00000, 0x00000000ced00000|  0%| F|  |TAMS 0x00000000cec00000, 0x00000000cec00000| Untracked 
| 237|0x00000000ced00000, 0x00000000ced00000, 0x00000000cee00000|  0%| F|  |TAMS 0x00000000ced00000, 0x00000000ced00000| Untracked 
| 238|0x00000000cee00000, 0x00000000cee00000, 0x00000000cef00000|  0%| F|  |TAMS 0x00000000cee00000, 0x00000000cee00000| Untracked 
| 239|0x00000000cef00000, 0x00000000cef00000, 0x00000000cf000000|  0%| F|  |TAMS 0x00000000cef00000, 0x00000000cef00000| Untracked 
| 240|0x00000000cf000000, 0x00000000cf000000, 0x00000000cf100000|  0%| F|  |TAMS 0x00000000cf000000, 0x00000000cf000000| Untracked 
| 241|0x00000000cf100000, 0x00000000cf100000, 0x00000000cf200000|  0%| F|  |TAMS 0x00000000cf100000, 0x00000000cf100000| Untracked 
| 242|0x00000000cf200000, 0x00000000cf200000, 0x00000000cf300000|  0%| F|  |TAMS 0x00000000cf200000, 0x00000000cf200000| Untracked 
| 243|0x00000000cf300000, 0x00000000cf300000, 0x00000000cf400000|  0%| F|  |TAMS 0x00000000cf300000, 0x00000000cf300000| Untracked 
| 244|0x00000000cf400000, 0x00000000cf400000, 0x00000000cf500000|  0%| F|  |TAMS 0x00000000cf400000, 0x00000000cf400000| Untracked 
| 245|0x00000000cf500000, 0x00000000cf500000, 0x00000000cf600000|  0%| F|  |TAMS 0x00000000cf500000, 0x00000000cf500000| Untracked 
| 246|0x00000000cf600000, 0x00000000cf600000, 0x00000000cf700000|  0%| F|  |TAMS 0x00000000cf600000, 0x00000000cf600000| Untracked 
| 247|0x00000000cf700000, 0x00000000cf700000, 0x00000000cf800000|  0%| F|  |TAMS 0x00000000cf700000, 0x00000000cf700000| Untracked 
| 248|0x00000000cf800000, 0x00000000cf800000, 0x00000000cf900000|  0%| F|  |TAMS 0x00000000cf800000, 0x00000000cf800000| Untracked 
| 249|0x00000000cf900000, 0x00000000cf900000, 0x00000000cfa00000|  0%| F|  |TAMS 0x00000000cf900000, 0x00000000cf900000| Untracked 
| 250|0x00000000cfa00000, 0x00000000cfa00000, 0x00000000cfb00000|  0%| F|  |TAMS 0x00000000cfa00000, 0x00000000cfa00000| Untracked 
| 251|0x00000000cfb00000, 0x00000000cfb00000, 0x00000000cfc00000|  0%| F|  |TAMS 0x00000000cfb00000, 0x00000000cfb00000| Untracked 

Card table byte_map: [0x000002605a4e0000,0x000002605a6e0000] _byte_map_base: 0x0000026059ee0000

Marking Bits (Prev, Next): (CMBitMap*) 0x000002604100edb0, (CMBitMap*) 0x000002604100ed70
 Prev Bits: [0x000002605b8e0000, 0x000002605c8e0000)
 Next Bits: [0x000002605a8e0000, 0x000002605b8e0000)

Polling page: 0x0000026041060000

Metaspace:

Usage:
  Non-class:     72.95 MB used.
      Class:     10.78 MB used.
       Both:     83.73 MB used.

Virtual space:
  Non-class space:      128.00 MB reserved,      73.75 MB ( 58%) committed,  2 nodes.
      Class space:        1.00 GB reserved,      11.44 MB (  1%) committed,  1 nodes.
             Both:        1.12 GB reserved,      85.19 MB (  7%) committed. 

Chunk freelists:
   Non-Class:  5.92 MB
       Class:  4.61 MB
        Both:  10.53 MB

MaxMetaspaceSize: unlimited
CompressedClassSpaceSize: 1.00 GB
Initial GC threshold: 21.00 MB
Current GC threshold: 138.75 MB
CDS: on
MetaspaceReclaimPolicy: balanced
 - commit_granule_bytes: 65536.
 - commit_granule_words: 8192.
 - virtual_space_node_default_size: 8388608.
 - enlarge_chunks_in_place: 1.
 - new_chunks_are_fully_committed: 0.
 - uncommit_free_chunks: 1.
 - use_allocation_guard: 0.
 - handle_deallocations: 1.


Internal statistics:

num_allocs_failed_limit: 9.
num_arena_births: 2352.
num_arena_deaths: 0.
num_vsnodes_births: 3.
num_vsnodes_deaths: 0.
num_space_committed: 1360.
num_space_uncommitted: 0.
num_chunks_returned_to_freelist: 9.
num_chunks_taken_from_freelist: 6023.
num_chunk_merges: 9.
num_chunk_splits: 4008.
num_chunks_enlarged: 2455.
num_inconsistent_stats: 0.

CodeHeap 'non-profiled nmethods': size=119168Kb used=4598Kb max_used=4598Kb free=114569Kb
 bounds [0x0000026051ea0000, 0x0000026052320000, 0x0000026059300000]
CodeHeap 'profiled nmethods': size=119104Kb used=14393Kb max_used=14393Kb free=104710Kb
 bounds [0x000002604a300000, 0x000002604b110000, 0x0000026051750000]
CodeHeap 'non-nmethods': size=7488Kb used=1498Kb max_used=3236Kb free=5989Kb
 bounds [0x0000026051750000, 0x0000026051a90000, 0x0000026051ea0000]
 total_blobs=8715 nmethods=7845 adapters=779
 compilation: enabled
              stopped_count=0, restarted_count=0
 full_count=0

Compilation events (20 events):
Event: 96.271 Thread 0x000002605f94a130 nmethod 8613 0x000002604b10b010 code [0x000002604b10b1c0, 0x000002604b10b378]
Event: 96.271 Thread 0x000002605f94a130 8614       3       org.apache.spark.executor.InputMetrics::bytesRead (8 bytes)
Event: 96.272 Thread 0x000002605f94a130 nmethod 8614 0x000002604b10b490 code [0x000002604b10b640, 0x000002604b10b7f8]
Event: 96.272 Thread 0x000002605f94a130 8615       3       org.apache.spark.executor.ShuffleWriteMetrics::bytesWritten (8 bytes)
Event: 96.272 Thread 0x000002605f94a130 nmethod 8615 0x000002604b10b910 code [0x000002604b10bac0, 0x000002604b10bc78]
Event: 96.272 Thread 0x000002605f94a130 8619       3       java.io.ObjectOutputStream::writeInt (9 bytes)
Event: 96.272 Thread 0x000002605f94a130 nmethod 8619 0x000002604b10bd90 code [0x000002604b10bf40, 0x000002604b10c0a8]
Event: 96.272 Thread 0x000002605f94a130 8618       3       scala.collection.mutable.LinkedHashMap::get (71 bytes)
Event: 96.273 Thread 0x000002605f94a130 nmethod 8618 0x000002604b10c190 code [0x000002604b10c3c0, 0x000002604b10cbc8]
Event: 96.273 Thread 0x000002605f94a130 8616       1       org.apache.spark.TaskContextImpl::onCompleteCallbacks (5 bytes)
Event: 96.273 Thread 0x000002605f94a130 nmethod 8616 0x000002605231cb90 code [0x000002605231cd20, 0x000002605231cdf8]
Event: 96.273 Thread 0x000002605f94a130 8617       1       java.net.StandardSocketOptions$StdSocketOption::type (5 bytes)
Event: 96.273 Thread 0x000002605f94a130 nmethod 8617 0x000002605231ce90 code [0x000002605231d020, 0x000002605231d0f8]
Event: 96.273 Thread 0x000002605f94a130 8620       3       scala.reflect.ClassTag$::Long (4 bytes)
Event: 96.273 Thread 0x000002605f94a130 nmethod 8620 0x000002604b10ce90 code [0x000002604b10d020, 0x000002604b10d138]
Event: 96.273 Thread 0x000002605f94a130 8621       3       scala.collection.mutable.GrowableBuilder::addAll (6 bytes)
Event: 96.274 Thread 0x000002605f94a130 nmethod 8621 0x000002604b10d210 code [0x000002604b10d3c0, 0x000002604b10d728]
Event: 96.274 Thread 0x000002605f94a130 8622       3       scala.collection.mutable.GrowableBuilder::addAll (13 bytes)
Event: 96.274 Thread 0x000002605f94a130 nmethod 8622 0x000002604b10d810 code [0x000002604b10d9c0, 0x000002604b10dc48]
Event: 96.274 Thread 0x000002605f94a130 8628       3       scala.collection.ArrayOps$::contains$extension (48 bytes)

GC Heap History (20 events):
Event: 47.504 GC heap after
{Heap after GC invocations=18 (full 0):
 garbage-first heap   total 109568K, used 54588K [0x00000000c0000000, 0x0000000100000000)
  region size 1024K, 2 young (2048K), 2 survivors (2048K)
 Metaspace       used 83640K, committed 85056K, reserved 1179648K
  class space    used 10654K, committed 11264K, reserved 1048576K
}
Event: 47.703 GC heap before
{Heap before GC invocations=19 (full 0):
 garbage-first heap   total 150528K, used 94524K [0x00000000c0000000, 0x0000000100000000)
  region size 1024K, 12 young (12288K), 2 survivors (2048K)
 Metaspace       used 84607K, committed 86080K, reserved 1179648K
  class space    used 10920K, committed 11584K, reserved 1048576K
}
Event: 47.707 GC heap after
{Heap after GC invocations=20 (full 0):
 garbage-first heap   total 150528K, used 54271K [0x00000000c0000000, 0x0000000100000000)
  region size 1024K, 1 young (1024K), 1 survivors (1024K)
 Metaspace       used 84607K, committed 86080K, reserved 1179648K
  class space    used 10920K, committed 11584K, reserved 1048576K
}
Event: 63.603 GC heap before
{Heap before GC invocations=20 (full 0):
 garbage-first heap   total 150528K, used 83967K [0x00000000c0000000, 0x0000000100000000)
  region size 1024K, 19 young (19456K), 1 survivors (1024K)
 Metaspace       used 84997K, committed 86400K, reserved 1179648K
  class space    used 10972K, committed 11584K, reserved 1048576K
}
Event: 63.607 GC heap after
{Heap after GC invocations=21 (full 0):
 garbage-first heap   total 150528K, used 56586K [0x00000000c0000000, 0x0000000100000000)
  region size 1024K, 4 young (4096K), 4 survivors (4096K)
 Metaspace       used 84997K, committed 86400K, reserved 1179648K
  class space    used 10972K, committed 11584K, reserved 1048576K
}
Event: 63.610 GC heap before
{Heap before GC invocations=21 (full 0):
 garbage-first heap   total 150528K, used 69898K [0x00000000c0000000, 0x0000000100000000)
  region size 1024K, 6 young (6144K), 4 survivors (4096K)
 Metaspace       used 85009K, committed 86464K, reserved 1179648K
  class space    used 10972K, committed 11584K, reserved 1048576K
}
Event: 63.613 GC heap after
{Heap after GC invocations=22 (full 0):
 garbage-first heap   total 150528K, used 56124K [0x00000000c0000000, 0x0000000100000000)
  region size 1024K, 3 young (3072K), 3 survivors (3072K)
 Metaspace       used 85009K, committed 86464K, reserved 1179648K
  class space    used 10972K, committed 11584K, reserved 1048576K
}
Event: 63.815 GC heap before
{Heap before GC invocations=22 (full 0):
 garbage-first heap   total 150528K, used 71484K [0x00000000c0000000, 0x0000000100000000)
  region size 1024K, 7 young (7168K), 3 survivors (3072K)
 Metaspace       used 85040K, committed 86464K, reserved 1179648K
  class space    used 10972K, committed 11584K, reserved 1048576K
}
Event: 63.817 GC heap after
{Heap after GC invocations=23 (full 0):
 garbage-first heap   total 150528K, used 55218K [0x00000000c0000000, 0x0000000100000000)
  region size 1024K, 2 young (2048K), 2 survivors (2048K)
 Metaspace       used 85040K, committed 86464K, reserved 1179648K
  class space    used 10972K, committed 11584K, reserved 1048576K
}
Event: 80.038 GC heap before
{Heap before GC invocations=23 (full 0):
 garbage-first heap   total 150528K, used 82866K [0x00000000c0000000, 0x0000000100000000)
  region size 1024K, 18 young (18432K), 2 survivors (2048K)
 Metaspace       used 85204K, committed 86720K, reserved 1179648K
  class space    used 10974K, committed 11648K, reserved 1048576K
}
Event: 80.042 GC heap after
{Heap after GC invocations=24 (full 0):
 garbage-first heap   total 150528K, used 56734K [0x00000000c0000000, 0x0000000100000000)
  region size 1024K, 4 young (4096K), 4 survivors (4096K)
 Metaspace       used 85204K, committed 86720K, reserved 1179648K
  class space    used 10974K, committed 11648K, reserved 1048576K
}
Event: 80.046 GC heap before
{Heap before GC invocations=24 (full 0):
 garbage-first heap   total 150528K, used 70046K [0x00000000c0000000, 0x0000000100000000)
  region size 1024K, 6 young (6144K), 4 survivors (4096K)
 Metaspace       used 85223K, committed 86720K, reserved 1179648K
  class space    used 10976K, committed 11648K, reserved 1048576K
}
Event: 80.048 GC heap after
{Heap after GC invocations=25 (full 0):
 garbage-first heap   total 150528K, used 56142K [0x00000000c0000000, 0x0000000100000000)
  region size 1024K, 3 young (3072K), 3 survivors (3072K)
 Metaspace       used 85223K, committed 86720K, reserved 1179648K
  class space    used 10976K, committed 11648K, reserved 1048576K
}
Event: 80.200 GC heap before
{Heap before GC invocations=25 (full 0):
 garbage-first heap   total 150528K, used 72526K [0x00000000c0000000, 0x0000000100000000)
  region size 1024K, 8 young (8192K), 3 survivors (3072K)
 Metaspace       used 85522K, committed 87040K, reserved 1179648K
  class space    used 11036K, committed 11712K, reserved 1048576K
}
Event: 80.203 GC heap after
{Heap after GC invocations=26 (full 0):
 garbage-first heap   total 150528K, used 55215K [0x00000000c0000000, 0x0000000100000000)
  region size 1024K, 2 young (2048K), 2 survivors (2048K)
 Metaspace       used 85522K, committed 87040K, reserved 1179648K
  class space    used 11036K, committed 11712K, reserved 1048576K
}
Event: 96.257 GC heap before
{Heap before GC invocations=26 (full 0):
 garbage-first heap   total 150528K, used 82863K [0x00000000c0000000, 0x0000000100000000)
  region size 1024K, 18 young (18432K), 2 survivors (2048K)
 Metaspace       used 85736K, committed 87232K, reserved 1179648K
  class space    used 11037K, committed 11712K, reserved 1048576K
}
Event: 96.260 GC heap after
{Heap after GC invocations=27 (full 0):
 garbage-first heap   total 150528K, used 58719K [0x00000000c0000000, 0x0000000100000000)
  region size 1024K, 4 young (4096K), 4 survivors (4096K)
 Metaspace       used 85736K, committed 87232K, reserved 1179648K
  class space    used 11037K, committed 11712K, reserved 1048576K
}
Event: 96.264 GC heap before
{Heap before GC invocations=27 (full 0):
 garbage-first heap   total 150528K, used 69983K [0x00000000c0000000, 0x0000000100000000)
  region size 1024K, 6 young (6144K), 4 survivors (4096K)
 Metaspace       used 85737K, committed 87232K, reserved 1179648K
  class space    used 11037K, committed 11712K, reserved 1048576K
}
Event: 96.268 GC heap after
{Heap after GC invocations=28 (full 0):
 garbage-first heap   total 150528K, used 56244K [0x00000000c0000000, 0x0000000100000000)
  region size 1024K, 3 young (3072K), 3 survivors (3072K)
 Metaspace       used 85737K, committed 87232K, reserved 1179648K
  class space    used 11037K, committed 11712K, reserved 1048576K
}
Event: 96.275 GC heap before
{Heap before GC invocations=28 (full 0):
 garbage-first heap   total 150528K, used 70580K [0x00000000c0000000, 0x0000000100000000)
  region size 1024K, 6 young (6144K), 3 survivors (3072K)
 Metaspace       used 85742K, committed 87232K, reserved 1179648K
  class space    used 11037K, committed 11712K, reserved 1048576K
}

Dll operation events (13 events):
Event: 0.011 Loaded shared library C:\Program Files\Eclipse Adoptium\jdk-17.0.18.8-hotspot\bin\java.dll
Event: 0.030 Loaded shared library C:\Program Files\Eclipse Adoptium\jdk-17.0.18.8-hotspot\bin\jsvml.dll
Event: 0.148 Loaded shared library C:\Program Files\Eclipse Adoptium\jdk-17.0.18.8-hotspot\bin\net.dll
Event: 0.150 Loaded shared library C:\Program Files\Eclipse Adoptium\jdk-17.0.18.8-hotspot\bin\nio.dll
Event: 0.154 Loaded shared library C:\Program Files\Eclipse Adoptium\jdk-17.0.18.8-hotspot\bin\zip.dll
Event: 1.035 Loaded shared library C:\Program Files\Eclipse Adoptium\jdk-17.0.18.8-hotspot\bin\jimage.dll
Event: 1.505 Loaded shared library C:\Program Files\Eclipse Adoptium\jdk-17.0.18.8-hotspot\bin\management.dll
Event: 1.511 Loaded shared library C:\Program Files\Eclipse Adoptium\jdk-17.0.18.8-hotspot\bin\management_ext.dll
Event: 2.947 Loaded shared library C:\Program Files\Eclipse Adoptium\jdk-17.0.18.8-hotspot\bin\extnet.dll
Event: 3.394 Loaded shared library C:\Program Files\Eclipse Adoptium\jdk-17.0.18.8-hotspot\bin\jaas.dll
Event: 3.833 Loaded shared library C:\Program Files\Eclipse Adoptium\jdk-17.0.18.8-hotspot\bin\sunmscapi.dll
Event: 32.731 Loaded shared library C:\Program Files\Eclipse Adoptium\jdk-17.0.18.8-hotspot\bin\verify.dll
Event: 32.941 Loaded shared library C:\Users\Balachandran\AppData\Local\Temp\liblz4-java-16534550179961459763.so

Deoptimization events (20 events):
Event: 63.801 Thread 0x00000260a85d3c70 DEOPT PACKING pc=0x000002605227aa24 sp=0x00000074a5cfed30
Event: 63.801 Thread 0x00000260a85d3c70 DEOPT UNPACKING pc=0x00000260517a69a3 sp=0x00000074a5cfebe8 mode 2
Event: 63.815 Thread 0x00000260a7233d70 DEOPT PACKING pc=0x000002604aedf1f5 sp=0x00000074a7cfed90
Event: 63.815 Thread 0x00000260a7233d70 DEOPT UNPACKING pc=0x00000260517a7143 sp=0x00000074a7cfe288 mode 0
Event: 80.043 Thread 0x00000260a7e55eb0 Uncommon trap: trap_request=0xffffffde fr.pc=0x0000026052067ec8 relative=0x0000000000000288
Event: 80.043 Thread 0x00000260a7e55eb0 Uncommon trap: reason=class_check action=maybe_recompile pc=0x0000026052067ec8 method=java.util.Collections$SetFromMap.remove(Ljava/lang/Object;)Z @ 5 c2
Event: 80.043 Thread 0x00000260a7e55eb0 DEOPT PACKING pc=0x0000026052067ec8 sp=0x00000074a70ff220
Event: 80.043 Thread 0x00000260a7e55eb0 DEOPT UNPACKING pc=0x00000260517a69a3 sp=0x00000074a70ff218 mode 2
Event: 80.084 Thread 0x00000260a7e55eb0 Uncommon trap: trap_request=0xffffffde fr.pc=0x0000026052067ec8 relative=0x0000000000000288
Event: 80.084 Thread 0x00000260a7e55eb0 Uncommon trap: reason=class_check action=maybe_recompile pc=0x0000026052067ec8 method=java.util.Collections$SetFromMap.remove(Ljava/lang/Object;)Z @ 5 c2
Event: 80.084 Thread 0x00000260a7e55eb0 DEOPT PACKING pc=0x0000026052067ec8 sp=0x00000074a70ff220
Event: 80.084 Thread 0x00000260a7e55eb0 DEOPT UNPACKING pc=0x00000260517a69a3 sp=0x00000074a70ff218 mode 2
Event: 80.085 Thread 0x00000260a7e55eb0 Uncommon trap: trap_request=0xffffffde fr.pc=0x0000026052067ec8 relative=0x0000000000000288
Event: 80.085 Thread 0x00000260a7e55eb0 Uncommon trap: reason=class_check action=maybe_recompile pc=0x0000026052067ec8 method=java.util.Collections$SetFromMap.remove(Ljava/lang/Object;)Z @ 5 c2
Event: 80.085 Thread 0x00000260a7e55eb0 DEOPT PACKING pc=0x0000026052067ec8 sp=0x00000074a70ff220
Event: 80.085 Thread 0x00000260a7e55eb0 DEOPT UNPACKING pc=0x00000260517a69a3 sp=0x00000074a70ff218 mode 2
Event: 80.085 Thread 0x00000260a7e55eb0 Uncommon trap: trap_request=0xffffffde fr.pc=0x0000026052067ec8 relative=0x0000000000000288
Event: 80.085 Thread 0x00000260a7e55eb0 Uncommon trap: reason=class_check action=maybe_recompile pc=0x0000026052067ec8 method=java.util.Collections$SetFromMap.remove(Ljava/lang/Object;)Z @ 5 c2
Event: 80.085 Thread 0x00000260a7e55eb0 DEOPT PACKING pc=0x0000026052067ec8 sp=0x00000074a70ff220
Event: 80.085 Thread 0x00000260a7e55eb0 DEOPT UNPACKING pc=0x00000260517a69a3 sp=0x00000074a70ff218 mode 2

Classes loaded (20 events):
Event: 47.780 Loading class java/lang/SimplePythonFunction
Event: 47.780 Loading class java/lang/SimplePythonFunction done
Event: 47.783 Loading class java/lang/PythonRDD
Event: 47.783 Loading class java/lang/PythonRDD done
Event: 63.851 Loading class java/lang/PythonRDD
Event: 63.851 Loading class java/lang/PythonRDD done
Event: 63.855 Loading class java/lang/PythonUtils
Event: 63.855 Loading class java/lang/PythonUtils done
Event: 63.857 Loading class java/lang/SimplePythonFunction
Event: 63.857 Loading class java/lang/SimplePythonFunction done
Event: 63.860 Loading class java/lang/PythonRDD
Event: 63.860 Loading class java/lang/PythonRDD done
Event: 80.239 Loading class java/lang/PythonRDD
Event: 80.239 Loading class java/lang/PythonRDD done
Event: 80.245 Loading class java/lang/PythonUtils
Event: 80.245 Loading class java/lang/PythonUtils done
Event: 80.250 Loading class java/lang/SimplePythonFunction
Event: 80.250 Loading class java/lang/SimplePythonFunction done
Event: 80.254 Loading class java/lang/PythonRDD
Event: 80.254 Loading class java/lang/PythonRDD done

Classes unloaded (0 events):
No events

Classes redefined (0 events):
No events

Internal exceptions (20 events):
Event: 47.546 Thread 0x00000260a72305c0 Exception <a 'java/lang/NoSuchMethodError'{0x00000000ced44520}: static Lorg/apache/spark/scheduler/DirectTaskResult;.<clinit>()V> (0x00000000ced44520) 
thrown [s\src\hotspot\share\prims\jni.cpp, line 1112]
Event: 47.546 Thread 0x00000260a72360e0 Exception <a 'java/lang/NoSuchMethodError'{0x00000000ced73678}: static Lorg/apache/spark/scheduler/DirectTaskResult;.<clinit>()V> (0x00000000ced73678) 
thrown [s\src\hotspot\share\prims\jni.cpp, line 1112]
Event: 47.546 Thread 0x00000260a7233d70 Exception <a 'java/lang/NoSuchMethodError'{0x00000000cedaa500}: static Lorg/apache/spark/scheduler/DirectTaskResult;.<clinit>()V> (0x00000000cedaa500) 
thrown [s\src\hotspot\share\prims\jni.cpp, line 1112]
Event: 47.546 Thread 0x00000260a7234280 Exception <a 'java/lang/NoSuchMethodError'{0x00000000cedbc240}: static Lorg/apache/spark/scheduler/DirectTaskResult;.<clinit>()V> (0x00000000cedbc240) 
thrown [s\src\hotspot\share\prims\jni.cpp, line 1112]
Event: 47.546 Thread 0x00000260a7234ca0 Exception <a 'java/lang/NoSuchMethodError'{0x00000000ced86560}: static Lorg/apache/spark/scheduler/DirectTaskResult;.<clinit>()V> (0x00000000ced86560) 
thrown [s\src\hotspot\share\prims\jni.cpp, line 1112]
Event: 47.546 Thread 0x00000260a9cbd8d0 Exception <a 'java/lang/NoSuchMethodError'{0x00000000ced7cc68}: static Lorg/apache/spark/scheduler/DirectTaskResult;.<clinit>()V> (0x00000000ced7cc68) 
thrown [s\src\hotspot\share\prims\jni.cpp, line 1112]
Event: 47.546 Thread 0x00000260a7233860 Exception <a 'java/lang/NoSuchMethodError'{0x00000000ced90388}: static Lorg/apache/spark/scheduler/DirectTaskResult;.<clinit>()V> (0x00000000ced90388) 
thrown [s\src\hotspot\share\prims\jni.cpp, line 1112]
Event: 47.546 Thread 0x00000260a7233350 Exception <a 'java/lang/NoSuchMethodError'{0x00000000ced5fff8}: static Lorg/apache/spark/scheduler/DirectTaskResult;.<clinit>()V> (0x00000000ced5fff8) 
thrown [s\src\hotspot\share\prims\jni.cpp, line 1112]
Event: 47.546 Thread 0x00000260a72356c0 Exception <a 'java/lang/NoSuchMethodError'{0x00000000ced699b0}: static Lorg/apache/spark/scheduler/DirectTaskResult;.<clinit>()V> (0x00000000ced699b0) 
thrown [s\src\hotspot\share\prims\jni.cpp, line 1112]
Event: 47.546 Thread 0x00000260a72351b0 Exception <a 'java/lang/NoSuchMethodError'{0x00000000ced3be38}: static Lorg/apache/spark/scheduler/DirectTaskResult;.<clinit>()V> (0x00000000ced3be38) 
thrown [s\src\hotspot\share\prims\jni.cpp, line 1112]
Event: 47.546 Thread 0x00000260a7234790 Exception <a 'java/lang/NoSuchMethodError'{0x00000000ced99790}: static Lorg/apache/spark/scheduler/DirectTaskResult;.<clinit>()V> (0x00000000ced99790) 
thrown [s\src\hotspot\share\prims\jni.cpp, line 1112]
Event: 47.546 Thread 0x00000260a72365f0 Exception <a 'java/lang/NoSuchMethodError'{0x00000000ced56ab0}: static Lorg/apache/spark/scheduler/DirectTaskResult;.<clinit>()V> (0x00000000ced56ab0) 
thrown [s\src\hotspot\share\prims\jni.cpp, line 1112]
Event: 47.546 Thread 0x00000260a722fba0 Exception <a 'java/lang/NoSuchMethodError'{0x00000000cedc4810}: static Lorg/apache/spark/scheduler/DirectTaskResult;.<clinit>()V> (0x00000000cedc4810) 
thrown [s\src\hotspot\share\prims\jni.cpp, line 1112]
Event: 47.546 Thread 0x00000260a9cbc490 Exception <a 'java/lang/NoSuchMethodError'{0x00000000cedd82f0}: static Lorg/apache/spark/scheduler/DirectTaskResult;.<clinit>()V> (0x00000000cedd82f0) 
thrown [s\src\hotspot\share\prims\jni.cpp, line 1112]
Event: 47.585 Thread 0x00000260a7de1ae0 Exception <a 'java/lang/NoSuchMethodError'{0x00000000ce9ae740}: 'java.lang.Object java.lang.invoke.DirectMethodHandle$Holder.newInvokeSpecial(java.lang.Object, java.lang.Object, java.lang.Object, java.lang.Object, int, java.lang.Object, java.lang.Object)'> (0x00000000ce9ae740) 
thrown [s\src\hotspot\share\interpreter\linkResolver.cpp, line 759]
Event: 47.725 Thread 0x00000260a7e53630 Exception <a 'java/lang/NoSuchMethodError'{0x00000000cfbec800}: 'java.lang.Object java.lang.invoke.DirectMethodHandle$Holder.newInvokeSpecial(java.lang.Object, java.lang.Object, int, java.lang.Object, int)'> (0x00000000cfbec800) 
thrown [s\src\hotspot\share\interpreter\linkResolver.cpp, line 759]
Event: 80.073 Thread 0x00000260a7e55eb0 Exception <a 'java/lang/NoSuchMethodError'{0x00000000ce8d3450}: 'java.lang.Object java.lang.invoke.DirectMethodHandle$Holder.invokeStatic(java.lang.Object, java.lang.Object, long, int, java.lang.Object)'> (0x00000000ce8d3450) 
thrown [s\src\hotspot\share\interpreter\linkResolver.cpp, line 759]
Event: 80.074 Thread 0x00000260a7e55eb0 Exception <a 'java/lang/NoSuchMethodError'{0x00000000ce8ddbd0}: 'java.lang.Object java.lang.invoke.DirectMethodHandle$Holder.newInvokeSpecial(java.lang.Object, java.lang.Object, long, int)'> (0x00000000ce8ddbd0) 
thrown [s\src\hotspot\share\interpreter\linkResolver.cpp, line 759]
Event: 80.074 Thread 0x00000260a7e55eb0 Exception <a 'java/lang/NoSuchMethodError'{0x00000000ce8e27e8}: 'java.lang.Object java.lang.invoke.DirectMethodHandle$Holder.invokeSpecial(java.lang.Object, java.lang.Object, java.lang.Object, long, int)'> (0x00000000ce8e27e8) 
thrown [s\src\hotspot\share\interpreter\linkResolver.cpp, line 759]
Event: 80.074 Thread 0x00000260a7e55eb0 Exception <a 'java/lang/NoSuchMethodError'{0x00000000ce8e6e60}: 'java.lang.Object java.lang.invoke.Invokers$Holder.linkToTargetMethod(java.lang.Object, long, int, java.lang.Object)'> (0x00000000ce8e6e60) 
thrown [s\src\hotspot\share\interpreter\linkResolver.cpp, line 759]

VM Operations (20 events):
Event: 85.231 Executing VM operation: Cleanup done
Event: 86.245 Executing VM operation: Cleanup
Event: 86.245 Executing VM operation: Cleanup done
Event: 88.268 Executing VM operation: Cleanup
Event: 88.268 Executing VM operation: Cleanup done
Event: 90.288 Executing VM operation: Cleanup
Event: 90.288 Executing VM operation: Cleanup done
Event: 91.292 Executing VM operation: Cleanup
Event: 91.292 Executing VM operation: Cleanup done
Event: 92.293 Executing VM operation: Cleanup
Event: 92.293 Executing VM operation: Cleanup done
Event: 93.302 Executing VM operation: Cleanup
Event: 93.302 Executing VM operation: Cleanup done
Event: 95.319 Executing VM operation: Cleanup
Event: 95.319 Executing VM operation: Cleanup done
Event: 96.257 Executing VM operation: G1TryInitiateConcMark
Event: 96.260 Executing VM operation: G1TryInitiateConcMark done
Event: 96.264 Executing VM operation: G1TryInitiateConcMark
Event: 96.268 Executing VM operation: G1TryInitiateConcMark done
Event: 96.274 Executing VM operation: G1TryInitiateConcMark

Memory protections (0 events):
No events

Nmethod flushes (20 events):
Event: 7.376 Thread 0x000002605f95aa50 flushing  nmethod 0x000002604ab11790
Event: 7.376 Thread 0x000002605f95aa50 flushing  nmethod 0x000002604ab29410
Event: 7.376 Thread 0x000002605f95aa50 flushing  nmethod 0x000002604ab29790
Event: 7.376 Thread 0x000002605f95aa50 flushing  nmethod 0x000002604ab2ae10
Event: 7.376 Thread 0x000002605f95aa50 flushing  nmethod 0x000002604ab33090
Event: 7.376 Thread 0x000002605f95aa50 flushing  nmethod 0x000002604ab47490
Event: 7.376 Thread 0x000002605f95aa50 flushing  nmethod 0x000002604ab50b10
Event: 7.376 Thread 0x000002605f95aa50 flushing  nmethod 0x000002604ab5f410
Event: 7.376 Thread 0x000002605f95aa50 flushing  nmethod 0x000002604ab5fe90
Event: 7.376 Thread 0x000002605f95aa50 flushing  nmethod 0x000002604ab8c890
Event: 7.376 Thread 0x000002605f95aa50 flushing  nmethod 0x000002604abae490
Event: 7.376 Thread 0x000002605f95aa50 flushing  nmethod 0x000002604abe6490
Event: 7.376 Thread 0x000002605f95aa50 flushing  nmethod 0x000002604ac0eb10
Event: 7.376 Thread 0x000002605f95aa50 flushing  nmethod 0x000002604ac33090
Event: 7.376 Thread 0x000002605f95aa50 flushing  nmethod 0x000002604ac3ca90
Event: 7.376 Thread 0x000002605f95aa50 flushing  nmethod 0x000002604ac3f610
Event: 7.377 Thread 0x000002605f95aa50 flushing  nmethod 0x000002604ac5f910
Event: 7.377 Thread 0x000002605f95aa50 flushing  nmethod 0x000002604ac8da90
Event: 7.377 Thread 0x000002605f95aa50 flushing  nmethod 0x000002604ace0610
Event: 63.624 Thread 0x000002605f95aa50 flushing  nmethod 0x000002604aa60610

Events (20 events):
Event: 93.294 Thread 0x00000260a7233860 Thread added: 0x00000260aa785500
Event: 93.294 Thread 0x00000260a7233860 Thread added: 0x00000260aa786e50
Event: 93.463 Thread 0x00000260a6f0e170 Thread exited: 0x00000260a6f0e170
Event: 93.463 Thread 0x00000260a6f0d750 Thread exited: 0x00000260a6f0d750
Event: 94.269 Thread 0x00000260a7233860 Thread added: 0x00000260a6f0bc50
Event: 94.276 Thread 0x00000260a7234ca0 Thread added: 0x00000260a6f0c160
Event: 94.276 Thread 0x00000260a7234ca0 Thread added: 0x00000260a6f0a810
Event: 94.450 Thread 0x00000260aa786e50 Thread exited: 0x00000260aa786e50
Event: 94.450 Thread 0x00000260aa785500 Thread exited: 0x00000260aa785500
Event: 95.258 Thread 0x00000260a7234ca0 Thread added: 0x00000260a57bc630
Event: 95.265 Thread 0x00000260a9cbd8d0 Thread added: 0x00000260a9b10f90
Event: 95.265 Thread 0x00000260a9cbd8d0 Thread added: 0x00000260a9b114a0
Event: 95.468 Thread 0x00000260a6f0a810 Thread exited: 0x00000260a6f0a810
Event: 95.468 Thread 0x00000260a6f0c160 Thread exited: 0x00000260a6f0c160
Event: 96.255 Thread 0x00000260a9cbd8d0 Thread added: 0x00000260a9b119b0
Event: 96.263 Thread 0x00000260a7de4870 Thread added: 0x00000260a9b09970
Event: 96.271 Thread 0x00000260a9b09970 Thread added: 0x00000260a9b08530
Event: 96.272 Thread 0x00000260a9b09970 Thread added: 0x00000260a9b08020
Event: 96.273 Thread 0x00000260a9b08020 Thread added: 0x00000260a57bc120
Event: 96.274 Thread 0x00000260a57bc120 Thread added: 0x00000260a6f0e170


Dynamic libraries:
0x00007ff79af30000 - 0x00007ff79af3e000 	C:\Program Files\Eclipse Adoptium\jdk-17.0.18.8-hotspot\bin\java.exe
0x00007ffd17e40000 - 0x00007ffd180a7000 	C:\WINDOWS\SYSTEM32\ntdll.dll
0x00007ffd16720000 - 0x00007ffd167e9000 	C:\WINDOWS\System32\KERNEL32.DLL
0x00007ffd14bc0000 - 0x00007ffd14fb7000 	C:\WINDOWS\System32\KERNELBASE.dll
0x00007ffd14a70000 - 0x00007ffd14bbb000 	C:\WINDOWS\System32\ucrtbase.dll
0x00007ffc9e3a0000 - 0x00007ffc9e3be000 	C:\Program Files\Eclipse Adoptium\jdk-17.0.18.8-hotspot\bin\VCRUNTIME140.dll
0x00007ffc99a70000 - 0x00007ffc99a88000 	C:\Program Files\Eclipse Adoptium\jdk-17.0.18.8-hotspot\bin\jli.dll
0x00007ffd15c90000 - 0x00007ffd15e56000 	C:\WINDOWS\System32\USER32.dll
0x00007ffd15b90000 - 0x00007ffd15bb7000 	C:\WINDOWS\System32\win32u.dll
0x00007ffcf94a0000 - 0x00007ffcf9732000 	C:\WINDOWS\WinSxS\amd64_microsoft.windows.common-controls_6595b64144ccf1df_6.0.26100.8328_none_3e08182ce334b678\COMCTL32.dll
0x00007ffd17dd0000 - 0x00007ffd17dfb000 	C:\WINDOWS\System32\GDI32.dll
0x00007ffd15140000 - 0x00007ffd1526c000 	C:\WINDOWS\System32\gdi32full.dll
0x00007ffd17580000 - 0x00007ffd17629000 	C:\WINDOWS\System32\msvcrt.dll
0x00007ffd14870000 - 0x00007ffd14913000 	C:\WINDOWS\System32\msvcp_win.dll
0x00007ffd16950000 - 0x00007ffd16982000 	C:\WINDOWS\System32\IMM32.DLL
0x00007ffcd9540000 - 0x00007ffcd954c000 	C:\Program Files\Eclipse Adoptium\jdk-17.0.18.8-hotspot\bin\vcruntime140_1.dll
0x00007ffc77030000 - 0x00007ffc770bd000 	C:\Program Files\Eclipse Adoptium\jdk-17.0.18.8-hotspot\bin\msvcp140.dll
0x00007ffc56a00000 - 0x00007ffc5766b000 	C:\Program Files\Eclipse Adoptium\jdk-17.0.18.8-hotspot\bin\server\jvm.dll
0x00007ffd174c0000 - 0x00007ffd17576000 	C:\WINDOWS\System32\ADVAPI32.dll
0x00007ffd16a10000 - 0x00007ffd16ab7000 	C:\WINDOWS\System32\sechost.dll
0x00007ffd16ac0000 - 0x00007ffd16bd8000 	C:\WINDOWS\System32\RPCRT4.dll
0x00007ffd16690000 - 0x00007ffd16710000 	C:\WINDOWS\System32\WS2_32.dll
0x00007ffd146d0000 - 0x00007ffd1472e000 	C:\WINDOWS\SYSTEM32\POWRPROF.dll
0x00007ffd12990000 - 0x00007ffd129c6000 	C:\WINDOWS\SYSTEM32\WINMM.dll
0x00007ffcfe610000 - 0x00007ffcfe61b000 	C:\WINDOWS\SYSTEM32\VERSION.dll
0x00007ffd146b0000 - 0x00007ffd146c4000 	C:\WINDOWS\SYSTEM32\UMPDC.dll
0x00007ffd13600000 - 0x00007ffd1361b000 	C:\WINDOWS\SYSTEM32\kernel.appcore.dll
0x00007ffccd000000 - 0x00007ffccd00a000 	C:\Program Files\Eclipse Adoptium\jdk-17.0.18.8-hotspot\bin\jimage.dll
0x00007ffd123c0000 - 0x00007ffd12602000 	C:\WINDOWS\SYSTEM32\DBGHELP.DLL
0x00007ffd16eb0000 - 0x00007ffd17233000 	C:\WINDOWS\System32\combase.dll
0x00007ffd16dd0000 - 0x00007ffd16ea9000 	C:\WINDOWS\System32\OLEAUT32.dll
0x00007ffd12950000 - 0x00007ffd1298b000 	C:\WINDOWS\SYSTEM32\dbgcore.DLL
0x00007ffd15270000 - 0x00007ffd15318000 	C:\WINDOWS\System32\bcryptPrimitives.dll
0x00007ffc97030000 - 0x00007ffc97055000 	C:\Program Files\Eclipse Adoptium\jdk-17.0.18.8-hotspot\bin\java.dll
0x00007ffc76230000 - 0x00007ffc76307000 	C:\Program Files\Eclipse Adoptium\jdk-17.0.18.8-hotspot\bin\jsvml.dll
0x00007ffd17640000 - 0x00007ffd17dae000 	C:\WINDOWS\System32\SHELL32.dll
0x00007ffd15320000 - 0x00007ffd15b8c000 	C:\WINDOWS\System32\windows.storage.dll
0x00007ffd173c0000 - 0x00007ffd174b6000 	C:\WINDOWS\System32\SHCORE.dll
0x00007ffd16190000 - 0x00007ffd161f6000 	C:\WINDOWS\System32\shlwapi.dll
0x00007ffd14790000 - 0x00007ffd147b9000 	C:\WINDOWS\SYSTEM32\profapi.dll
0x00007ffc94970000 - 0x00007ffc9498a000 	C:\Program Files\Eclipse Adoptium\jdk-17.0.18.8-hotspot\bin\net.dll
0x00007ffd0f3d0000 - 0x00007ffd0f4f9000 	C:\WINDOWS\SYSTEM32\WINHTTP.dll
0x00007ffd13b70000 - 0x00007ffd13bdc000 	C:\WINDOWS\system32\mswsock.dll
0x00007ffc948b0000 - 0x00007ffc948c6000 	C:\Program Files\Eclipse Adoptium\jdk-17.0.18.8-hotspot\bin\nio.dll
0x00007ffc90b10000 - 0x00007ffc90b28000 	C:\Program Files\Eclipse Adoptium\jdk-17.0.18.8-hotspot\bin\zip.dll
0x00007ffcc3450000 - 0x00007ffcc345a000 	C:\Program Files\Eclipse Adoptium\jdk-17.0.18.8-hotspot\bin\management.dll
0x00007ffcc2410000 - 0x00007ffcc241c000 	C:\Program Files\Eclipse Adoptium\jdk-17.0.18.8-hotspot\bin\management_ext.dll
0x00007ffd17dc0000 - 0x00007ffd17dc8000 	C:\WINDOWS\System32\PSAPI.DLL
0x00007ffceb0e0000 - 0x00007ffceb0f8000 	C:\WINDOWS\system32\napinsp.dll
0x00007ffd130c0000 - 0x00007ffd131f2000 	C:\WINDOWS\SYSTEM32\DNSAPI.dll
0x00007ffd13080000 - 0x00007ffd130b2000 	C:\WINDOWS\SYSTEM32\IPHLPAPI.DLL
0x00007ffd16be0000 - 0x00007ffd16bea000 	C:\WINDOWS\System32\NSI.dll
0x00007ffceaf50000 - 0x00007ffceaf63000 	C:\WINDOWS\System32\winrnr.dll
0x00007ffceaf20000 - 0x00007ffceaf42000 	C:\WINDOWS\system32\nlansp_c.dll
0x00007ffceaec0000 - 0x00007ffceaed6000 	C:\WINDOWS\system32\wshbth.dll
0x00007ffd0dfa0000 - 0x00007ffd0dfab000 	C:\Windows\System32\rasadhlp.dll
0x00007ffd0f670000 - 0x00007ffd0f6f6000 	C:\WINDOWS\System32\fwpuclnt.dll
0x00007ffd13e50000 - 0x00007ffd13e6b000 	C:\WINDOWS\SYSTEM32\CRYPTSP.dll
0x00007ffd13560000 - 0x00007ffd13599000 	C:\WINDOWS\system32\rsaenh.dll
0x00007ffd13c20000 - 0x00007ffd13c53000 	C:\WINDOWS\SYSTEM32\USERENV.dll
0x00007ffd14760000 - 0x00007ffd1478a000 	C:\WINDOWS\SYSTEM32\bcrypt.dll
0x00007ffd13e70000 - 0x00007ffd13e7c000 	C:\WINDOWS\SYSTEM32\CRYPTBASE.dll
0x00007ffd0f5d0000 - 0x00007ffd0f5ed000 	C:\WINDOWS\SYSTEM32\dhcpcsvc6.DLL
0x00007ffd0f500000 - 0x00007ffd0f525000 	C:\WINDOWS\SYSTEM32\dhcpcsvc.DLL
0x00007ffcc0b10000 - 0x00007ffcc0b19000 	C:\Program Files\Eclipse Adoptium\jdk-17.0.18.8-hotspot\bin\extnet.dll
0x00007ffcbc470000 - 0x00007ffcbc479000 	C:\Program Files\Eclipse Adoptium\jdk-17.0.18.8-hotspot\bin\jaas.dll
0x00007ffcb9dd0000 - 0x00007ffcb9dde000 	C:\Program Files\Eclipse Adoptium\jdk-17.0.18.8-hotspot\bin\sunmscapi.dll
0x00007ffd14fc0000 - 0x00007ffd15138000 	C:\WINDOWS\System32\CRYPT32.dll
0x00007ffd14070000 - 0x00007ffd140a0000 	C:\WINDOWS\SYSTEM32\ncrypt.dll
0x00007ffd14020000 - 0x00007ffd1405f000 	C:\WINDOWS\SYSTEM32\NTASN1.dll
0x00007ffce5800000 - 0x00007ffce5808000 	C:\WINDOWS\system32\wshunix.dll
0x00007ffc96700000 - 0x00007ffc96710000 	C:\Program Files\Eclipse Adoptium\jdk-17.0.18.8-hotspot\bin\verify.dll
0x0000000066f40000 - 0x0000000066fc4000 	C:\Users\Balachandran\AppData\Local\Temp\liblz4-java-16534550179961459763.so

dbghelp: loaded successfully - version: 4.0.5 - missing functions: none
symbol engine: initialized successfully - sym options: 0x614 - pdb path: .;C:\Program Files\Eclipse Adoptium\jdk-17.0.18.8-hotspot\bin;C:\WINDOWS\SYSTEM32;C:\WINDOWS\WinSxS\amd64_microsoft.windows.common-controls_6595b64144ccf1df_6.0.26100.8328_none_3e08182ce334b678;C:\Program Files\Eclipse Adoptium\jdk-17.0.18.8-hotspot\bin\server;C:\Users\Balachandran\AppData\Local\Temp

VM Arguments:
jvm_args: -Xmx1g -XX:+IgnoreUnrecognizedVMOptions --add-modules=jdk.incubator.vector --add-opens=java.base/java.lang=ALL-UNNAMED --add-opens=java.base/java.lang.invoke=ALL-UNNAMED --add-opens=java.base/java.lang.reflect=ALL-UNNAMED --add-opens=java.base/java.io=ALL-UNNAMED --add-opens=java.base/java.net=ALL-UNNAMED --add-opens=java.base/java.nio=ALL-UNNAMED --add-opens=java.base/java.util=ALL-UNNAMED --add-opens=java.base/java.util.concurrent=ALL-UNNAMED --add-opens=java.base/java.util.concurrent.atomic=ALL-UNNAMED --add-opens=java.base/jdk.internal.ref=ALL-UNNAMED --add-opens=java.base/sun.nio.ch=ALL-UNNAMED --add-opens=java.base/sun.nio.cs=ALL-UNNAMED --add-opens=java.base/sun.security.action=ALL-UNNAMED --add-opens=java.base/sun.util.calendar=ALL-UNNAMED --add-opens=java.security.jgss/sun.security.krb5=ALL-UNNAMED -Djdk.reflect.useDirectMethodHandle=false -Dio.netty.tryReflectionSetAccessible=true -Dio.netty.allocator.type=pooled -Dio.netty.handler.ssl.defaultEndpointVerificationAlgorithm=NONE --enable-native-access=ALL-UNNAMED -Dderby.connection.requireAuthentication=false 
java_command: org.apache.spark.deploy.SparkSubmit --conf spark.master=local[*] --conf spark.app.name=AttendanceSystem pyspark-shell
java_class_path (initial): C:\spark\spark-4.1.1-bin-hadoop3\bin\..\conf\;C:\spark\spark-4.1.1-bin-hadoop3\jars\slf4j-api-2.0.17.jar;C:\spark\spark-4.1.1-bin-hadoop3\jars\aircompressor-2.0.2.jar;C:\spark\spark-4.1.1-bin-hadoop3\jars\algebra_2.13-2.8.0.jar;C:\spark\spark-4.1.1-bin-hadoop3\jars\antlr-runtime-3.5.2.jar;C:\spark\spark-4.1.1-bin-hadoop3\jars\antlr4-runtime-4.13.1.jar;C:\spark\spark-4.1.1-bin-hadoop3\jars\aopalliance-repackaged-3.0.6.jar;C:\spark\spark-4.1.1-bin-hadoop3\jars\arpack-3.0.4.jar;C:\spark\spark-4.1.1-bin-hadoop3\jars\arpack_combined_all-0.1.jar;C:\spark\spark-4.1.1-bin-hadoop3\jars\arrow-compression-18.3.0.jar;C:\spark\spark-4.1.1-bin-hadoop3\jars\arrow-format-18.3.0.jar;C:\spark\spark-4.1.1-bin-hadoop3\jars\arrow-memory-core-18.3.0.jar;C:\spark\spark-4.1.1-bin-hadoop3\jars\arrow-memory-netty-18.3.0.jar;C:\spark\spark-4.1.1-bin-hadoop3\jars\arrow-memory-netty-buffer-patch-18.3.0.jar;C:\spark\spark-4.1.1-bin-hadoop3\jars\arrow-vector-18.3.0.jar;C:\spark\spark-4.1.1-bin-hadoop3\jars\audience-annotations-0.12.0.jar;C:\spark\spark-4.1.1-bin-hadoop3\jars\avro-1.12.1.jar;C:\spark\spark-4.1.1-bin-hadoop3\jars\avro-ipc-1.12.1.jar;C:\spark\spark-4.1.1-bin-hadoop3\jars\avro-mapred-1.12.1.jar;C:\spark\spark-4.1.1-bin-hadoop3\jars\blas-3.0.4.jar;C:\spark\spark-4.1.1-bin-hadoop3\jars\breeze-macros_2.13-2.1.0.jar;C:\spark\spark-4.1.1-bin-hadoop3\jars\breeze_2.13-2.1.0.jar;C:\spark\spark-4.1.1-bin-hadoop3\jars\cats-kernel_2.13-2.8.0.jar;C:\spark\spark-4.1.1-bin-hadoop3\jars\chill-java-0.10.0.jar;C:\spark\spark-4.1.1-bin-hadoop3\jars\chill_2.13-0.10.0.jar;C:\spark\spark-4.1.1-bin-hadoop3\jars\commons-cli-1.10.0.jar;C:\spark\spark-4.1.1-bin-hadoop3\jars\commons-codec-1.19.0.jar;C:\spark\spark-4.1.1-bin-hadoop3\jars\commons-collections4-4.5.0.jar;C:\spark\spark-4.1.1-bin-hadoop3\jars\commons-compiler-3.1.9.jar;C:\spark\spark-4.1.1-bin-hadoop3\jars\commons-compress-1.28.0.jar;C:\spark\spark-4.1.1-bin-hadoop3\jars\commons-crypto-1.1.0.jar;C:\spark\spark-4.1.1-bi
Launcher Type: SUN_STANDARD

[Global flags]
     intx CICompilerCount                          = 12                                        {product} {ergonomic}
     uint ConcGCThreads                            = 3                                         {product} {ergonomic}
     uint G1ConcRefinementThreads                  = 13                                        {product} {ergonomic}
   size_t G1HeapRegionSize                         = 1048576                                   {product} {ergonomic}
    uintx GCDrainStackTargetSize                   = 64                                        {product} {ergonomic}
     bool IgnoreUnrecognizedVMOptions              = true                                      {product} {command line}
   size_t InitialHeapSize                          = 264241152                                 {product} {ergonomic}
   size_t MarkStackSize                            = 4194304                                   {product} {ergonomic}
   size_t MaxHeapSize                              = 1073741824                                {product} {command line}
   size_t MaxNewSize                               = 643825664                                 {product} {ergonomic}
   size_t MinHeapDeltaBytes                        = 1048576                                   {product} {ergonomic}
   size_t MinHeapSize                              = 8388608                                   {product} {ergonomic}
    uintx NonNMethodCodeHeapSize                   = 7602480                                {pd product} {ergonomic}
    uintx NonProfiledCodeHeapSize                  = 122027880                              {pd product} {ergonomic}
    uintx ProfiledCodeHeapSize                     = 122027880                              {pd product} {ergonomic}
    uintx ReservedCodeCacheSize                    = 251658240                              {pd product} {ergonomic}
     bool SegmentedCodeCache                       = true                                      {product} {ergonomic}
   size_t SoftMaxHeapSize                          = 1073741824                             {manageable} {ergonomic}
     bool UseCompressedClassPointers               = true                           {product lp64_product} {ergonomic}
     bool UseCompressedOops                        = true                           {product lp64_product} {ergonomic}
     bool UseG1GC                                  = true                                      {product} {ergonomic}
     bool UseLargePagesIndividualAllocation        = false                                  {pd product} {ergonomic}

Logging:
Log output configuration:
 #0: stdout all=warning uptime,level,tags
 #1: stderr all=off uptime,level,tags

Environment Variables:
JAVA_HOME=C:\Program Files\Eclipse Adoptium\jdk-17.0.18.8-hotspot\
PATH=C:\Users\Balachandran\Documents\personal\ATS\py-backend\venv\Lib\site-packages\cv2\../../x64/vc17/bin;C:\Users\Balachandran\Documents\personal\ATS\py-backend\venv\Scripts;c:\Users\Balachandran\AppData\Roaming\Code\User\globalStorage\github.copilot-chat\debugCommand;c:\Users\Balachandran\AppData\Roaming\Code\User\globalStorage\github.copilot-chat\copilotCli;C:\Users\Balachandran\AppData\Local\Programs\Microsoft VS Code;C:\Program Files\Eclipse Adoptium\jdk-17.0.18.8-hotspot\bin;C:\app\Balachandran\product\21c\dbhomeXE\bin;C:\Program Files\Common Files\Oracle\Java\javapath;C:\Program Files (x86)\Common Files\Oracle\Java\java8path;C:\Program Files (x86)\Common Files\Oracle\Java\javapath;C:\WINDOWS\system32;C:\WINDOWS;C:\WINDOWS\System32\Wbem;C:\WINDOWS\System32\WindowsPowerShell\v1.0\;C:\WINDOWS\System32\OpenSSH\;C:\Program Files\dotnet\;C:\Program Files\Java\jdk-17\bin\server;C:\Program Files\Git\cmd;C:\Program Files\Git\bin;C:\Program Files\nodejs\;C:\spark\spark-4.1.1-bin-hadoop3\bin;C:\Users\Balachandran\AppData\Local\Programs\Python\Python39\Scripts\;C:\Users\Balachandran\AppData\Local\Programs\Python\Python39\;C:\Users\Balachandran\AppData\Local\Programs\Python\Python310\Scripts\;C:\Users\Balachandran\AppData\Local\Programs\Python\Python310\;C:\Users\Balachandran\AppData\Local\Microsoft\WindowsApps;C:\Users\Balachandran\AppData\Local\Programs\Microsoft VS Code\bin;C:\Users\Balachandran\AppData\Roaming\npm;D:\Program Files\MongoDB\Server\8.0\bin;C:\Program Files (x86)\MongoDB Atlas CLI\;C:\Users\Balachandran\.dotnet\tools
USERNAME=Balachandran
LANG=en_US.UTF-8
OS=Windows_NT
PROCESSOR_IDENTIFIER=Intel64 Family 6 Model 186 Stepping 2, GenuineIntel
TMP=C:\Users\Balachandran\AppData\Local\Temp
TEMP=C:\Users\Balachandran\AppData\Local\Temp



Periodic native trim disabled


---------------  S Y S T E M  ---------------

OS:
 Windows 11 , 64 bit Build 26100 (10.0.26100.8328)
OS uptime: 0 days 1:03 hours
Hyper-V role detected

CPU: total 16 (initial active 16) (8 cores per cpu, 2 threads per core) family 6 model 186 stepping 2 microcode 0x6134, cx8, cmov, fxsr, ht, mmx, 3dnowpref, sse, sse2, sse3, ssse3, sse4.1, sse4.2, popcnt, lzcnt, tsc, tscinvbit, avx, avx2, aes, erms, clmul, bmi1, bmi2, adx, sha, fma, vzeroupper, clflush, clflushopt, clwb, hv
Processor Information for processor 0
  Max Mhz: 1900, Current Mhz: 1900, Mhz Limit: 1900
Processor Information for processor 1
  Max Mhz: 1900, Current Mhz: 1900, Mhz Limit: 1900
Processor Information for processor 2
  Max Mhz: 1900, Current Mhz: 1900, Mhz Limit: 1900
Processor Information for processor 3
  Max Mhz: 1900, Current Mhz: 1900, Mhz Limit: 1900
Processor Information for processor 4
  Max Mhz: 1900, Current Mhz: 1900, Mhz Limit: 1900
Processor Information for processor 5
  Max Mhz: 1900, Current Mhz: 1900, Mhz Limit: 1900
Processor Information for processor 6
  Max Mhz: 1900, Current Mhz: 1900, Mhz Limit: 1900
Processor Information for processor 7
  Max Mhz: 1900, Current Mhz: 1900, Mhz Limit: 1900
Processor Information for processor 8
  Max Mhz: 1900, Current Mhz: 1900, Mhz Limit: 1900
Processor Information for processor 9
  Max Mhz: 1900, Current Mhz: 1492, Mhz Limit: 1900
Processor Information for processor 10
  Max Mhz: 1900, Current Mhz: 1900, Mhz Limit: 1900
Processor Information for processor 11
  Max Mhz: 1900, Current Mhz: 1492, Mhz Limit: 1900
Processor Information for processor 12
  Max Mhz: 1900, Current Mhz: 1900, Mhz Limit: 1900
Processor Information for processor 13
  Max Mhz: 1900, Current Mhz: 1492, Mhz Limit: 1900
Processor Information for processor 14
  Max Mhz: 1900, Current Mhz: 1492, Mhz Limit: 1900
Processor Information for processor 15
  Max Mhz: 1900, Current Mhz: 1492, Mhz Limit: 1900

Memory: 4k page, system-wide physical 16068M (1838M free)
TotalPageFile size 23461M (AvailPageFile size 134M)
current process WorkingSet (physical memory assigned to process): 331M, peak: 368M
current process commit charge ("private bytes"): 520M, peak: 709M

vm_info: OpenJDK 64-Bit Server VM (17.0.18+8) for windows-amd64 JRE (17.0.18+8), built on Jan 20 2026 22:28:22 by "admin" with MS VC++ 17.12 (VS2022)

END.
